1600253890282,1334, login ,200,OK,Tasks 1-3,text,true,,459,276,50,50,http://localhost:3000/api/user/login,1332,0,43
1600253890322,1385, login ,200,OK,Tasks 1-12,text,true,,459,276,50,50,http://localhost:3000/api/user/login,1385,0,5
1600253890307,1495, login ,200,OK,Tasks 1-11,text,true,,459,276,50,50,http://localhost:3000/api/user/login,1495,0,19
1600253890281,1616, login ,200,OK,Tasks 1-2,text,true,,459,276,50,50,http://localhost:3000/api/user/login,1616,0,46
1600253890283,1719, login ,200,OK,Tasks 1-7,text,true,,459,276,50,50,http://localhost:3000/api/user/login,1719,0,44
1600253890281,1811, login ,200,OK,Tasks 1-4,text,true,,459,276,50,50,http://localhost:3000/api/user/login,1811,0,48
1600253890283,1907, login ,200,OK,Tasks 1-9,text,true,,459,276,50,50,http://localhost:3000/api/user/login,1907,0,44
1600253890282,1996, login ,200,OK,Tasks 1-1,text,true,,459,276,50,50,http://localhost:3000/api/user/login,1996,0,46
1600253890282,2086, login ,200,OK,Tasks 1-5,text,true,,459,276,50,50,http://localhost:3000/api/user/login,2086,0,44
1600253890282,2178, login ,200,OK,Tasks 1-8,text,true,,459,276,50,50,http://localhost:3000/api/user/login,2178,0,48
1600253890289,2276, login ,200,OK,Tasks 1-10,text,true,,459,276,50,50,http://localhost:3000/api/user/login,2276,0,38
1600253890399,2258, login ,200,OK,Tasks 1-16,text,true,,459,276,50,50,http://localhost:3000/api/user/login,2258,0,1
1600253890282,2472, login ,200,OK,Tasks 1-6,text,true,,459,276,50,50,http://localhost:3000/api/user/login,2472,0,44
1600253890399,2684, login ,200,OK,Tasks 1-17,text,true,,459,276,50,50,http://localhost:3000/api/user/login,2684,0,1
1600253890358,2860, login ,200,OK,Tasks 1-14,text,true,,459,276,50,50,http://localhost:3000/api/user/login,2860,0,1
1600253890456,2876, login ,200,OK,Tasks 1-19,text,true,,459,276,50,50,http://localhost:3000/api/user/login,2876,0,2
1600253890342,3080, login ,200,OK,Tasks 1-13,text,true,,459,276,50,50,http://localhost:3000/api/user/login,3080,0,1
1600253890436,3083, login ,200,OK,Tasks 1-18,text,true,,459,276,50,50,http://localhost:3000/api/user/login,3083,0,1
1600253890494,3353, login ,200,OK,Tasks 1-21,text,true,,459,276,50,50,http://localhost:3000/api/user/login,3353,0,8
1600253890580,3369, login ,200,OK,Tasks 1-26,text,true,,459,276,50,50,http://localhost:3000/api/user/login,3369,0,1
1600253890666,3459, login ,200,OK,Tasks 1-31,text,true,,459,276,50,50,http://localhost:3000/api/user/login,3459,0,1
1600253890515,3730, login ,200,OK,Tasks 1-22,text,true,,459,276,50,50,http://localhost:3000/api/user/login,3730,0,1
1600253890593,3885, login ,200,OK,Tasks 1-27,text,true,,459,276,50,50,http://localhost:3000/api/user/login,3885,0,1
1600253890682,3912, login ,200,OK,Tasks 1-32,text,true,,459,276,50,50,http://localhost:3000/api/user/login,3912,0,1
1600253890795,3904, login ,200,OK,Tasks 1-37,text,true,,459,276,50,50,http://localhost:3000/api/user/login,3904,0,2
1600253890892,3915, login ,200,OK,Tasks 1-42,text,true,,459,276,50,50,http://localhost:3000/api/user/login,3915,0,2
1600253890543,4373, login ,200,OK,Tasks 1-24,text,true,,459,276,50,50,http://localhost:3000/api/user/login,4373,0,1
1600253890628,4379, login ,200,OK,Tasks 1-29,text,true,,459,276,50,50,http://localhost:3000/api/user/login,4379,0,2
1600253890524,4581, login ,200,OK,Tasks 1-23,text,true,,459,276,50,50,http://localhost:3000/api/user/login,4581,0,3
1600253890615,4595, login ,200,OK,Tasks 1-28,text,true,,459,276,50,50,http://localhost:3000/api/user/login,4595,0,2
1600253890376,5014, login ,200,OK,Tasks 1-15,text,true,,459,276,50,50,http://localhost:3000/api/user/login,5014,0,1
1600253890477,5001, login ,200,OK,Tasks 1-20,text,true,,459,276,50,50,http://localhost:3000/api/user/login,5001,0,1
1600253890559,5026, login ,200,OK,Tasks 1-25,text,true,,459,276,50,50,http://localhost:3000/api/user/login,5026,0,1
1600253890648,5570, login ,200,OK,Tasks 1-30,text,true,,459,276,50,50,http://localhost:3000/api/user/login,5570,0,2
1600253890757,5555, login ,200,OK,Tasks 1-35,text,true,,459,276,50,50,http://localhost:3000/api/user/login,5555,0,1
1600253890853,5653, login ,200,OK,Tasks 1-40,text,true,,459,276,50,50,http://localhost:3000/api/user/login,5653,0,1
1600253890948,5733, login ,200,OK,Tasks 1-45,text,true,,459,276,50,50,http://localhost:3000/api/user/login,5733,0,2
1600253890778,6066, login ,200,OK,Tasks 1-36,text,true,,459,276,50,50,http://localhost:3000/api/user/login,6066,0,1
1600253890873,6120, login ,200,OK,Tasks 1-41,text,true,,459,276,50,50,http://localhost:3000/api/user/login,6120,0,2
1600253890968,6135, login ,200,OK,Tasks 1-46,text,true,,459,276,50,50,http://localhost:3000/api/user/login,6135,0,2
1600253890988,6212, login ,200,OK,Tasks 1-47,text,true,,459,276,50,50,http://localhost:3000/api/user/login,6212,0,1
1600253890700,6624, login ,200,OK,Tasks 1-33,text,true,,459,276,50,50,http://localhost:3000/api/user/login,6624,0,3
1600253890815,6608, login ,200,OK,Tasks 1-38,text,true,,459,276,50,50,http://localhost:3000/api/user/login,6608,0,2
1600253890911,6605, login ,200,OK,Tasks 1-43,text,true,,459,276,50,50,http://localhost:3000/api/user/login,6605,0,2
1600253891008,6609, login ,200,OK,Tasks 1-48,text,true,,459,276,50,50,http://localhost:3000/api/user/login,6609,0,2
1600253891046,6705, login ,200,OK,Tasks 1-50,text,true,,459,276,50,50,http://localhost:3000/api/user/login,6705,0,1
1600253890739,7220, login ,200,OK,Tasks 1-34,text,true,,459,276,50,50,http://localhost:3000/api/user/login,7220,0,2
1600253890834,7220, login ,200,OK,Tasks 1-39,text,true,,459,276,50,50,http://localhost:3000/api/user/login,7220,0,2
1600253890931,7211, login ,200,OK,Tasks 1-44,text,true,,459,276,50,50,http://localhost:3000/api/user/login,7211,0,1
1600253891027,7209, login ,200,OK,Tasks 1-49,text,true,,459,276,50,50,http://localhost:3000/api/user/login,7209,0,1
1600253892093,10240,create project- returns projectID,200,OK,Tasks 1-4,text,true,,331,512,50,50,http://localhost:3000/api/project/add,10240,0,0
1600253892566,9768,create project- returns projectID,200,OK,Tasks 1-10,text,true,,331,512,50,50,http://localhost:3000/api/project/add,9768,0,0
1600253893084,9251,create project- returns projectID,200,OK,Tasks 1-17,text,true,,331,512,50,50,http://localhost:3000/api/project/add,9251,0,0
1600253891803,10533,create project- returns projectID,200,OK,Tasks 1-11,text,true,,331,512,50,50,http://localhost:3000/api/project/add,10533,0,0
1600253892280,10140,create project- returns projectID,200,OK,Tasks 1-1,text,true,,331,512,50,50,http://localhost:3000/api/project/add,10140,0,0
1600253893423,8997,create project- returns projectID,200,OK,Tasks 1-13,text,true,,331,512,50,50,http://localhost:3000/api/project/add,8997,0,0
1600253891665,10801,create project- returns projectID,200,OK,Tasks 1-3,text,true,,331,512,50,50,http://localhost:3000/api/project/add,10801,0,0
1600253891708,10760,create project- returns projectID,200,OK,Tasks 1-12,text,true,,331,512,50,50,http://localhost:3000/api/project/add,10760,0,0
1600253892461,10007,create project- returns projectID,200,OK,Tasks 1-8,text,true,,331,512,50,50,http://localhost:3000/api/project/add,10007,0,0
1600253892191,10280,create project- returns projectID,200,OK,Tasks 1-9,text,true,,331,512,50,50,http://localhost:3000/api/project/add,10280,0,0
1600253891899,10572,create project- returns projectID,200,OK,Tasks 1-2,text,true,,331,512,50,50,http://localhost:3000/api/project/add,10572,0,0
1600253892370,10102,create project- returns projectID,200,OK,Tasks 1-5,text,true,,331,512,50,50,http://localhost:3000/api/project/add,10102,0,0
1600253893219,9267,create project- returns projectID,200,OK,Tasks 1-14,text,true,,331,512,50,50,http://localhost:3000/api/project/add,9267,0,0
1600253894916,7573,create project- returns projectID,200,OK,Tasks 1-24,text,true,,331,512,50,50,http://localhost:3000/api/project/add,7573,0,0
1600253892658,9874,create project- returns projectID,200,OK,Tasks 1-16,text,true,,331,512,50,50,http://localhost:3000/api/project/add,9874,0,0
1600253892755,9777,create project- returns projectID,200,OK,Tasks 1-6,text,true,,331,512,50,50,http://localhost:3000/api/project/add,9777,0,0
1600253892003,10530,create project- returns projectID,200,OK,Tasks 1-7,text,true,,331,512,50,50,http://localhost:3000/api/project/add,10530,0,0
1600253893333,9203,create project- returns projectID,200,OK,Tasks 1-19,text,true,,331,512,50,50,http://localhost:3000/api/project/add,9203,0,0
1600253894246,8291,create project- returns projectID,200,OK,Tasks 1-22,text,true,,331,512,50,50,http://localhost:3000/api/project/add,8291,0,0
1600253894126,8410,create project- returns projectID,200,OK,Tasks 1-31,text,true,,331,512,50,50,http://localhost:3000/api/project/add,8410,0,0
1600253894808,7850,create project- returns projectID,200,OK,Tasks 1-42,text,true,,331,512,50,50,http://localhost:3000/api/project/add,7850,0,0
1600253894595,8114,create project- returns projectID,200,OK,Tasks 1-32,text,true,,331,512,50,50,http://localhost:3000/api/project/add,8114,0,0
1600253894479,8268,create project- returns projectID,200,OK,Tasks 1-27,text,true,,331,512,50,50,http://localhost:3000/api/project/add,8268,0,0
1600253895390,7371,create project- returns projectID,200,OK,Tasks 1-15,text,true,,331,512,50,50,http://localhost:3000/api/project/add,7371,0,0
1600253896218,6549,create project- returns projectID,200,OK,Tasks 1-30,text,true,,331,512,50,50,http://localhost:3000/api/project/add,6549,0,0
1600253893950,8818,create project- returns projectID,200,OK,Tasks 1-26,text,true,,331,512,50,50,http://localhost:3000/api/project/add,8818,0,0
1600253895479,7293,create project- returns projectID,200,OK,Tasks 1-20,text,true,,331,512,50,50,http://localhost:3000/api/project/add,7293,0,0
1600253895008,7769,create project- returns projectID,200,OK,Tasks 1-29,text,true,,331,512,50,50,http://localhost:3000/api/project/add,7769,0,0
1600253896507,6283,create project- returns projectID,200,OK,Tasks 1-40,text,true,,331,512,50,50,http://localhost:3000/api/project/add,6283,0,0
1600253896682,6112,create project- returns projectID,200,OK,Tasks 1-45,text,true,,331,512,50,50,http://localhost:3000/api/project/add,6112,0,0
1600253895210,7586,create project- returns projectID,200,OK,Tasks 1-28,text,true,,331,512,50,50,http://localhost:3000/api/project/add,7586,0,0
1600253894700,8211,create project- returns projectID,200,OK,Tasks 1-37,text,true,,331,512,50,50,http://localhost:3000/api/project/add,8211,0,0
1600253893847,9065,create project- returns projectID,200,OK,Tasks 1-21,text,true,,331,512,50,50,http://localhost:3000/api/project/add,9065,0,0
1600253893520,9395,create project- returns projectID,200,OK,Tasks 1-18,text,true,,331,512,50,50,http://localhost:3000/api/project/add,9394,0,0
1600253897104,5812,create project- returns projectID,200,OK,Tasks 1-46,text,true,,331,512,50,50,http://localhost:3000/api/project/add,5812,0,0
1600253896313,6604,create project- returns projectID,200,OK,Tasks 1-35,text,true,,331,512,50,50,http://localhost:3000/api/project/add,6604,0,0
1600253895105,7816,create project- returns projectID,200,OK,Tasks 1-23,text,true,,331,512,50,50,http://localhost:3000/api/project/add,7816,0,0
1600253895586,7343,create project- returns projectID,200,OK,Tasks 1-25,text,true,,331,512,50,50,http://localhost:3000/api/project/add,7343,0,0
1600253897518,5412,create project- returns projectID,200,OK,Tasks 1-43,text,true,,331,512,50,50,http://localhost:3000/api/project/add,5412,0,0
1600253897201,6079,create project- returns projectID,200,OK,Tasks 1-47,text,true,,331,512,50,50,http://localhost:3000/api/project/add,6079,0,0
1600253897424,6106,create project- returns projectID,200,OK,Tasks 1-38,text,true,,331,512,50,50,http://localhost:3000/api/project/add,6106,0,0
1600253896845,6686,create project- returns projectID,200,OK,Tasks 1-36,text,true,,331,512,50,50,http://localhost:3000/api/project/add,6686,0,0
1600253898143,5396,create project- returns projectID,200,OK,Tasks 1-44,text,true,,331,512,50,50,http://localhost:3000/api/project/add,5396,0,0
1600253897325,6215,create project- returns projectID,200,OK,Tasks 1-33,text,true,,331,512,50,50,http://localhost:3000/api/project/add,6215,0,0
1600253897619,5993,create project- returns projectID,200,OK,Tasks 1-48,text,true,,331,512,50,50,http://localhost:3000/api/project/add,5993,0,0
1600253898054,5576,create project- returns projectID,200,OK,Tasks 1-39,text,true,,331,512,50,50,http://localhost:3000/api/project/add,5575,0,0
1600253897753,5877,create project- returns projectID,200,OK,Tasks 1-50,text,true,,331,512,50,50,http://localhost:3000/api/project/add,5877,0,0
1600253896994,6649,create project- returns projectID,200,OK,Tasks 1-41,text,true,,331,512,50,50,http://localhost:3000/api/project/add,6648,0,0
1600253898237,5476,create project- returns projectID,200,OK,Tasks 1-49,text,true,,331,512,50,50,http://localhost:3000/api/project/add,5476,0,0
1600253897959,7246,create project- returns projectID,200,OK,Tasks 1-34,text,true,,331,512,50,50,http://localhost:3000/api/project/add,7246,0,0
1600253902336,4090,add task to project,200,OK,Tasks 1-11,text,true,,327,523,50,50,http://localhost:3000/api/project/addTask,4090,0,0
1600253902469,3959,add task to project,200,OK,Tasks 1-8,text,true,,327,523,50,50,http://localhost:3000/api/project/addTask,3959,0,0
1600253902468,3961,add task to project,200,OK,Tasks 1-12,text,true,,327,523,50,50,http://localhost:3000/api/project/addTask,3961,0,0
1600253902336,4094,add task to project,200,OK,Tasks 1-17,text,true,,327,523,50,50,http://localhost:3000/api/project/addTask,4094,0,0
1600253902334,4097,add task to project,200,OK,Tasks 1-4,text,true,,327,523,50,50,http://localhost:3000/api/project/addTask,4097,0,0
1600253902472,3964,add task to project,200,OK,Tasks 1-9,text,true,,327,523,50,50,http://localhost:3000/api/project/addTask,3964,0,0
1600253902473,3966,add task to project,200,OK,Tasks 1-5,text,true,,327,523,50,50,http://localhost:3000/api/project/addTask,3965,0,0
1600253902532,3963,add task to project,200,OK,Tasks 1-16,text,true,,327,523,50,50,http://localhost:3000/api/project/addTask,3963,0,0
1600253902421,4074,add task to project,200,OK,Tasks 1-13,text,true,,327,523,50,50,http://localhost:3000/api/project/addTask,4074,0,0
1600253902335,4165,add task to project,200,OK,Tasks 1-10,text,true,,327,523,50,50,http://localhost:3000/api/project/addTask,4165,0,0
1600253902421,4080,add task to project,200,OK,Tasks 1-1,text,true,,327,523,50,50,http://localhost:3000/api/project/addTask,4080,0,0
1600253902472,4042,add task to project,200,OK,Tasks 1-2,text,true,,327,523,50,50,http://localhost:3000/api/project/addTask,4042,0,0
1600253902467,4081,add task to project,200,OK,Tasks 1-3,text,true,,327,523,50,50,http://localhost:3000/api/project/addTask,4081,0,0
1600253902536,4024,add task to project,200,OK,Tasks 1-19,text,true,,327,523,50,50,http://localhost:3000/api/project/addTask,4024,0,0
1600253902775,3811,add task to project,200,OK,Tasks 1-20,text,true,,327,523,50,50,http://localhost:3000/api/project/addTask,3811,0,0
1600253902491,4117,add task to project,200,OK,Tasks 1-24,text,true,,327,523,50,50,http://localhost:3000/api/project/addTask,4117,0,0
1600253902748,3897,add task to project,200,OK,Tasks 1-27,text,true,,327,523,50,50,http://localhost:3000/api/project/addTask,3897,0,0
1600253902487,4173,add task to project,200,OK,Tasks 1-14,text,true,,327,523,50,50,http://localhost:3000/api/project/addTask,4173,0,0
1600253902537,4124,add task to project,200,OK,Tasks 1-22,text,true,,327,523,50,50,http://localhost:3000/api/project/addTask,4124,0,0
1600253902762,3918,add task to project,200,OK,Tasks 1-15,text,true,,327,523,50,50,http://localhost:3000/api/project/addTask,3918,0,0
1600253902791,3889,add task to project,200,OK,Tasks 1-40,text,true,,327,523,50,50,http://localhost:3000/api/project/addTask,3889,0,0
1600253902915,3801,add task to project,200,OK,Tasks 1-18,text,true,,327,523,50,50,http://localhost:3000/api/project/addTask,3801,0,0
1600253902660,4137,add task to project,200,OK,Tasks 1-42,text,true,,327,523,50,50,http://localhost:3000/api/project/addTask,4137,0,0
1600253902538,4430,add task to project,200,OK,Tasks 1-31,text,true,,327,523,50,50,http://localhost:3000/api/project/addTask,4430,0,0
1600253902930,4039,add task to project,200,OK,Tasks 1-43,text,true,,327,523,50,50,http://localhost:3000/api/project/addTask,4039,0,0
1600253902769,4201,add task to project,200,OK,Tasks 1-30,text,true,,327,523,50,50,http://localhost:3000/api/project/addTask,4201,0,0
1600253902534,4442,add task to project,200,OK,Tasks 1-7,text,true,,327,523,50,50,http://localhost:3000/api/project/addTask,4442,0,0
1600253902770,4207,add task to project,200,OK,Tasks 1-26,text,true,,327,523,50,50,http://localhost:3000/api/project/addTask,4207,0,0
1600253902710,4268,add task to project,200,OK,Tasks 1-32,text,true,,327,523,50,50,http://localhost:3000/api/project/addTask,4268,0,0
1600253902930,4056,add task to project,200,OK,Tasks 1-25,text,true,,327,523,50,50,http://localhost:3000/api/project/addTask,4056,0,0
1600253902922,4065,add task to project,200,OK,Tasks 1-23,text,true,,327,523,50,50,http://localhost:3000/api/project/addTask,4065,0,0
1600253902533,4455,add task to project,200,OK,Tasks 1-6,text,true,,327,523,50,50,http://localhost:3000/api/project/addTask,4454,0,0
1600253902912,4076,add task to project,200,OK,Tasks 1-37,text,true,,327,523,50,50,http://localhost:3000/api/project/addTask,4076,0,0
1600253902913,4076,add task to project,200,OK,Tasks 1-21,text,true,,327,523,50,50,http://localhost:3000/api/project/addTask,4076,0,0
1600253902918,4072,add task to project,200,OK,Tasks 1-35,text,true,,327,523,50,50,http://localhost:3000/api/project/addTask,4072,0,0
1600253902797,4194,add task to project,200,OK,Tasks 1-28,text,true,,327,523,50,50,http://localhost:3000/api/project/addTask,4194,0,0
1600253903532,3459,add task to project,200,OK,Tasks 1-38,text,true,,327,523,50,50,http://localhost:3000/api/project/addTask,3459,0,0
1600253902784,4409,add task to project,200,OK,Tasks 1-29,text,true,,327,523,50,50,http://localhost:3000/api/project/addTask,4409,0,0
1600253903630,3856,add task to project,200,OK,Tasks 1-50,text,true,,327,523,50,50,http://localhost:3000/api/project/addTask,3856,0,0
1600253902795,5647,add task to project,200,OK,Tasks 1-45,text,true,,327,523,50,50,http://localhost:3000/api/project/addTask,5647,0,0
1600253903281,5162,add task to project,200,OK,Tasks 1-47,text,true,,327,523,50,50,http://localhost:3000/api/project/addTask,5162,0,0
1600253903540,5012,add task to project,200,OK,Tasks 1-44,text,true,,327,523,50,50,http://localhost:3000/api/project/addTask,5012,0,0
1600253903540,5351,add task to project,200,OK,Tasks 1-33,text,true,,327,523,50,50,http://localhost:3000/api/project/addTask,5351,0,0
1600253903613,5278,add task to project,200,OK,Tasks 1-48,text,true,,327,523,50,50,http://localhost:3000/api/project/addTask,5278,0,0
1600253903714,5348,add task to project,200,OK,Tasks 1-49,text,true,,327,523,50,50,http://localhost:3000/api/project/addTask,5348,0,0
1600253902917,6218,add task to project,200,OK,Tasks 1-46,text,true,,327,523,50,50,http://localhost:3000/api/project/addTask,6218,0,0
1600253903532,5745,add task to project,200,OK,Tasks 1-36,text,true,,327,523,50,50,http://localhost:3000/api/project/addTask,5745,0,0
1600253903643,5635,add task to project,200,OK,Tasks 1-41,text,true,,327,523,50,50,http://localhost:3000/api/project/addTask,5635,0,0
1600253903630,6434,add task to project,200,OK,Tasks 1-39,text,true,,327,523,50,50,http://localhost:3000/api/project/addTask,6434,0,0
1600253905206,5777,add task to project,200,OK,Tasks 1-34,text,true,,327,523,50,50,http://localhost:3000/api/project/addTask,5777,0,0
1600253906432,5273,start task,200,OK,Tasks 1-4,text,true,,296,425,50,50,http://localhost:3000/api/task/start,5273,0,0
1600253906436,5519,start task,200,OK,Tasks 1-9,text,true,,296,425,50,50,http://localhost:3000/api/task/start,5519,0,0
1600253906496,5576,start task,200,OK,Tasks 1-16,text,true,,296,425,50,50,http://localhost:3000/api/task/start,5576,0,0
1600253906500,5573,start task,200,OK,Tasks 1-10,text,true,,296,425,50,50,http://localhost:3000/api/task/start,5573,0,0
1600253906439,6215,start task,200,OK,Tasks 1-5,text,true,,296,425,50,50,http://localhost:3000/api/task/start,6215,0,0
1600253906661,6142,start task,200,OK,Tasks 1-14,text,true,,296,425,50,50,http://localhost:3000/api/task/start,6142,0,0
1600253906609,6630,start task,200,OK,Tasks 1-24,text,true,,296,425,50,50,http://localhost:3000/api/task/start,6630,0,0
1600253906431,6810,start task,200,OK,Tasks 1-17,text,true,,296,425,50,50,http://localhost:3000/api/task/start,6809,0,0
1600253906681,6564,start task,200,OK,Tasks 1-15,text,true,,296,425,50,50,http://localhost:3000/api/task/start,6564,0,0
1600253906681,6569,start task,200,OK,Tasks 1-40,text,true,,296,425,50,50,http://localhost:3000/api/task/start,6569,0,0
1600253906549,6706,start task,200,OK,Tasks 1-3,text,true,,296,425,50,50,http://localhost:3000/api/task/start,6706,0,0
1600253906501,6805,start task,200,OK,Tasks 1-1,text,true,,296,425,50,50,http://localhost:3000/api/task/start,6805,0,0
1600253906969,6337,start task,200,OK,Tasks 1-31,text,true,,296,425,50,50,http://localhost:3000/api/task/start,6337,0,0
1600253906987,6476,start task,200,OK,Tasks 1-23,text,true,,296,425,50,50,http://localhost:3000/api/task/start,6476,0,0
1600253906989,6475,start task,200,OK,Tasks 1-37,text,true,,296,425,50,50,http://localhost:3000/api/task/start,6475,0,0
1600253906978,6487,start task,200,OK,Tasks 1-32,text,true,,296,425,50,50,http://localhost:3000/api/task/start,6487,0,0
1600253907487,5979,start task,200,OK,Tasks 1-50,text,true,,296,425,50,50,http://localhost:3000/api/task/start,5979,0,0
1600253908443,5023,start task,200,OK,Tasks 1-47,text,true,,296,425,50,50,http://localhost:3000/api/task/start,5023,0,0
1600253906992,6658,start task,200,OK,Tasks 1-28,text,true,,296,425,50,50,http://localhost:3000/api/task/start,6658,0,0
1600253906798,6853,start task,200,OK,Tasks 1-42,text,true,,296,425,50,50,http://localhost:3000/api/task/start,6853,0,0
1600253906515,7183,start task,200,OK,Tasks 1-2,text,true,,296,425,50,50,http://localhost:3000/api/task/start,7183,0,0
1600253908443,5435,start task,200,OK,Tasks 1-45,text,true,,296,425,50,50,http://localhost:3000/api/task/start,5435,0,0
1600253909062,4987,start task,200,OK,Tasks 1-49,text,true,,296,425,50,50,http://localhost:3000/api/task/start,4987,0,0
1600253906496,7587,start task,200,OK,Tasks 1-13,text,true,,296,425,50,50,http://localhost:3000/api/task/start,7587,0,0
1600253906977,7108,start task,200,OK,Tasks 1-7,text,true,,296,425,50,50,http://localhost:3000/api/task/start,7108,0,0
1600253906990,7095,start task,200,OK,Tasks 1-21,text,true,,296,425,50,50,http://localhost:3000/api/task/start,7095,0,0
1600253907194,6892,start task,200,OK,Tasks 1-29,text,true,,296,425,50,50,http://localhost:3000/api/task/start,6892,0,0
1600253906992,7094,start task,200,OK,Tasks 1-38,text,true,,296,425,50,50,http://localhost:3000/api/task/start,7094,0,0
1600253910068,4176,start task,200,OK,Tasks 1-39,text,true,,296,425,50,50,http://localhost:3000/api/task/start,4176,0,0
1600253908892,5624,start task,200,OK,Tasks 1-48,text,true,,296,425,50,50,http://localhost:3000/api/task/start,5624,0,0
1600253906427,8109,start task,200,OK,Tasks 1-11,text,true,,296,425,50,50,http://localhost:3000/api/task/start,8108,0,0
1600253906429,8108,start task,200,OK,Tasks 1-8,text,true,,296,425,50,50,http://localhost:3000/api/task/start,8108,0,0
1600253906431,8107,start task,200,OK,Tasks 1-12,text,true,,296,425,50,50,http://localhost:3000/api/task/start,8107,0,0
1600253906560,8035,start task,200,OK,Tasks 1-19,text,true,,296,425,50,50,http://localhost:3000/api/task/start,8035,0,0
1600253906587,8162,start task,200,OK,Tasks 1-20,text,true,,296,425,50,50,http://localhost:3000/api/task/start,8162,0,0
1600253910984,4144,start task,200,OK,Tasks 1-34,text,true,,296,425,50,50,http://localhost:3000/api/task/start,4144,0,0
1600253906646,8483,start task,200,OK,Tasks 1-27,text,true,,296,425,50,50,http://localhost:3000/api/task/start,8483,0,0
1600253906717,8426,start task,200,OK,Tasks 1-18,text,true,,296,425,50,50,http://localhost:3000/api/task/start,8426,0,0
1600253906970,8174,start task,200,OK,Tasks 1-30,text,true,,296,425,50,50,http://localhost:3000/api/task/start,8174,0,0
1600253906970,8222,start task,200,OK,Tasks 1-43,text,true,,296,425,50,50,http://localhost:3000/api/task/start,8222,0,0
1600253906662,8530,start task,200,OK,Tasks 1-22,text,true,,296,425,50,50,http://localhost:3000/api/task/start,8530,0,0
1600253906978,8223,start task,200,OK,Tasks 1-26,text,true,,296,425,50,50,http://localhost:3000/api/task/start,8223,0,0
1600253909278,6066,start task,200,OK,Tasks 1-41,text,true,,296,425,50,50,http://localhost:3000/api/task/start,6066,0,0
1600253906988,8366,start task,200,OK,Tasks 1-6,text,true,,296,425,50,50,http://localhost:3000/api/task/start,8366,0,0
1600253908553,7188,start task,200,OK,Tasks 1-44,text,true,,296,425,50,50,http://localhost:3000/api/task/start,7188,0,0
1600253909136,7190,start task,200,OK,Tasks 1-46,text,true,,296,425,50,50,http://localhost:3000/api/task/start,7190,0,0
1600253906987,9472,start task,200,OK,Tasks 1-25,text,true,,296,425,50,50,http://localhost:3000/api/task/start,9472,0,0
1600253906991,9468,start task,200,OK,Tasks 1-35,text,true,,296,425,50,50,http://localhost:3000/api/task/start,9468,0,0
1600253908892,7818,start task,200,OK,Tasks 1-33,text,true,,296,425,50,50,http://localhost:3000/api/task/start,7818,0,0
1600253912803,3907,update task,200,OK,Tasks 1-14,text,true,,283,453,50,50,http://localhost:3000/api/task/update,3907,0,0
1600253911955,5277,update task,200,OK,Tasks 1-9,text,true,,283,453,50,50,http://localhost:3000/api/task/update,5277,0,0
1600253913242,4004,update task,200,OK,Tasks 1-17,text,true,,283,453,50,50,http://localhost:3000/api/task/update,4004,0,0
1600253913256,4260,update task,200,OK,Tasks 1-3,text,true,,283,453,50,50,http://localhost:3000/api/task/update,4260,0,0
1600253909278,8326,start task,200,OK,Tasks 1-36,text,true,,296,425,50,50,http://localhost:3000/api/task/start,8326,0,0
1600253913253,4929,update task,200,OK,Tasks 1-40,text,true,,283,453,50,50,http://localhost:3000/api/task/update,4929,0,0
1600253913652,4766,update task,200,OK,Tasks 1-28,text,true,,283,453,50,50,http://localhost:3000/api/task/update,4766,0,0
1600253913464,5094,update task,200,OK,Tasks 1-37,text,true,,283,453,50,50,http://localhost:3000/api/task/update,5094,0,0
1600253913653,5060,update task,200,OK,Tasks 1-42,text,true,,283,453,50,50,http://localhost:3000/api/task/update,5060,0,0
1600253912073,6641,update task,200,OK,Tasks 1-16,text,true,,283,453,50,50,http://localhost:3000/api/task/update,6641,0,0
1600253913464,5251,update task,200,OK,Tasks 1-23,text,true,,283,453,50,50,http://localhost:3000/api/task/update,5251,0,0
1600253913307,5412,update task,200,OK,Tasks 1-31,text,true,,283,453,50,50,http://localhost:3000/api/task/update,5412,0,0
1600253914049,5213,update task,200,OK,Tasks 1-49,text,true,,283,453,50,50,http://localhost:3000/api/task/update,5213,0,0
1600253914085,5297,update task,200,OK,Tasks 1-21,text,true,,283,453,50,50,http://localhost:3000/api/task/update,5297,0,0
1600253912073,7310,update task,200,OK,Tasks 1-10,text,true,,283,453,50,50,http://localhost:3000/api/task/update,7310,0,0
1600253912655,6731,update task,200,OK,Tasks 1-5,text,true,,283,453,50,50,http://localhost:3000/api/task/update,6731,0,0
1600253913467,5919,update task,200,OK,Tasks 1-47,text,true,,283,453,50,50,http://localhost:3000/api/task/update,5919,0,0
1600253913466,5921,update task,200,OK,Tasks 1-50,text,true,,283,453,50,50,http://localhost:3000/api/task/update,5921,0,0
1600253914086,5302,update task,200,OK,Tasks 1-38,text,true,,283,453,50,50,http://localhost:3000/api/task/update,5301,0,0
1600253913699,5712,update task,200,OK,Tasks 1-2,text,true,,283,453,50,50,http://localhost:3000/api/task/update,5712,0,0
1600253913241,6174,update task,200,OK,Tasks 1-24,text,true,,283,453,50,50,http://localhost:3000/api/task/update,6174,0,0
1600253913465,6097,update task,200,OK,Tasks 1-32,text,true,,283,453,50,50,http://localhost:3000/api/task/update,6097,0,0
1600253914244,5319,update task,200,OK,Tasks 1-39,text,true,,283,453,50,50,http://localhost:3000/api/task/update,5319,0,0
1600253914538,5026,update task,200,OK,Tasks 1-11,text,true,,283,453,50,50,http://localhost:3000/api/task/update,5026,0,0
1600253914083,5826,update task,200,OK,Tasks 1-13,text,true,,283,453,50,50,http://localhost:3000/api/task/update,5826,0,0
1600253914596,5353,update task,200,OK,Tasks 1-19,text,true,,283,453,50,50,http://localhost:3000/api/task/update,5353,0,0
1600253915130,4820,update task,200,OK,Tasks 1-27,text,true,,283,453,50,50,http://localhost:3000/api/task/update,4820,0,0
1600253914538,5478,update task,200,OK,Tasks 1-8,text,true,,283,453,50,50,http://localhost:3000/api/task/update,5478,0,0
1600253913247,6906,update task,200,OK,Tasks 1-15,text,true,,283,453,50,50,http://localhost:3000/api/task/update,6906,0,0
1600253911706,8451,update task,200,OK,Tasks 1-4,text,true,,283,453,50,50,http://localhost:3000/api/task/update,8451,0,0
1600253914085,6072,update task,200,OK,Tasks 1-7,text,true,,283,453,50,50,http://localhost:3000/api/task/update,6072,0,0
1600253914086,6071,update task,200,OK,Tasks 1-29,text,true,,283,453,50,50,http://localhost:3000/api/task/update,6071,0,0
1600253913306,6852,update task,200,OK,Tasks 1-1,text,true,,283,453,50,50,http://localhost:3000/api/task/update,6852,0,0
1600253913878,6281,update task,200,OK,Tasks 1-45,text,true,,283,453,50,50,http://localhost:3000/api/task/update,6281,0,0
1600253914750,5409,update task,200,OK,Tasks 1-20,text,true,,283,453,50,50,http://localhost:3000/api/task/update,5409,0,0
1600253915194,5217,update task,200,OK,Tasks 1-22,text,true,,283,453,50,50,http://localhost:3000/api/task/update,5217,0,0
1600253915355,5064,update task,200,OK,Tasks 1-6,text,true,,283,453,50,50,http://localhost:3000/api/task/update,5064,0,0
1600253915345,5084,update task,200,OK,Tasks 1-41,text,true,,283,453,50,50,http://localhost:3000/api/task/update,5084,0,0
1600253915144,5466,update task,200,OK,Tasks 1-18,text,true,,283,453,50,50,http://localhost:3000/api/task/update,5466,0,0
1600253915202,5452,update task,200,OK,Tasks 1-26,text,true,,283,453,50,50,http://localhost:3000/api/task/update,5452,0,0
1600253915145,5528,update task,200,OK,Tasks 1-30,text,true,,283,453,50,50,http://localhost:3000/api/task/update,5528,0,0
1600253916460,4861,update task,200,OK,Tasks 1-35,text,true,,283,453,50,50,http://localhost:3000/api/task/update,4861,0,0
1600253916459,5643,update task,200,OK,Tasks 1-25,text,true,,283,453,50,50,http://localhost:3000/api/task/update,5643,0,0
1600253914517,7955,update task,200,OK,Tasks 1-48,text,true,,283,453,50,50,http://localhost:3000/api/task/update,7955,0,0
1600253915193,7279,update task,200,OK,Tasks 1-43,text,true,,283,453,50,50,http://localhost:3000/api/task/update,7279,0,0
1600253915130,7676,update task,200,OK,Tasks 1-34,text,true,,283,453,50,50,http://localhost:3000/api/task/update,7676,0,0
1600253915743,7171,update task,200,OK,Tasks 1-44,text,true,,283,453,50,50,http://localhost:3000/api/task/update,7171,0,0
1600253917605,6294,update task,200,OK,Tasks 1-36,text,true,,283,453,50,50,http://localhost:3000/api/task/update,6294,0,0
1600253914540,10117,update task,200,OK,Tasks 1-12,text,true,,283,453,50,50,http://localhost:3000/api/task/update,10117,0,0
1600253917233,9512,add time entry,200,OK,Tasks 1-9,text,true,,410,605,50,50,http://localhost:3000/api/userTimeEntry/addTimeEntry,9512,0,0
1600253916327,10421,update task,200,OK,Tasks 1-46,text,true,,283,453,50,50,http://localhost:3000/api/task/update,10421,0,0
1600253916711,13021,add time entry,200,OK,Tasks 1-14,text,true,,410,605,50,50,http://localhost:3000/api/userTimeEntry/addTimeEntry,13021,0,0
1600253916710,13023,update task,200,OK,Tasks 1-33,text,true,,283,453,50,50,http://localhost:3000/api/task/update,13023,0,0
1600253917516,12567,add time entry,200,OK,Tasks 1-3,text,true,,410,605,50,50,http://localhost:3000/api/userTimeEntry/addTimeEntry,12566,0,0
1600253918182,12993,add time entry,200,OK,Tasks 1-40,text,true,,410,605,50,50,http://localhost:3000/api/userTimeEntry/addTimeEntry,12993,0,0
1600253917247,13928,add time entry,200,OK,Tasks 1-17,text,true,,410,605,50,50,http://localhost:3000/api/userTimeEntry/addTimeEntry,13928,0,0
1600253918559,12714,add time entry,200,OK,Tasks 1-37,text,true,,410,605,50,50,http://localhost:3000/api/userTimeEntry/addTimeEntry,12713,0,0
1600253918719,12945,add time entry,200,OK,Tasks 1-31,text,true,,410,605,50,50,http://localhost:3000/api/userTimeEntry/addTimeEntry,12945,0,0
1600253918418,13353,add time entry,200,OK,Tasks 1-28,text,true,,410,605,50,50,http://localhost:3000/api/userTimeEntry/addTimeEntry,13353,0,0
1600253919416,12513,add time entry,200,OK,Tasks 1-24,text,true,,410,605,50,50,http://localhost:3000/api/userTimeEntry/addTimeEntry,12512,0,0
1600253918716,13918,add time entry,200,OK,Tasks 1-23,text,true,,410,605,50,50,http://localhost:3000/api/userTimeEntry/addTimeEntry,13918,0,0
1600253918714,13957,add time entry,200,OK,Tasks 1-42,text,true,,410,605,50,50,http://localhost:3000/api/userTimeEntry/addTimeEntry,13957,0,0
1600253918715,14220,add time entry,200,OK,Tasks 1-16,text,true,,410,605,50,50,http://localhost:3000/api/userTimeEntry/addTimeEntry,14220,0,0
1600253919387,13763,add time entry,200,OK,Tasks 1-50,text,true,,410,605,50,50,http://localhost:3000/api/userTimeEntry/addTimeEntry,13763,0,0
1600253919383,14098,add time entry,200,OK,Tasks 1-21,text,true,,410,605,50,50,http://localhost:3000/api/userTimeEntry/addTimeEntry,14097,0,0
1600253919388,14094,add time entry,200,OK,Tasks 1-38,text,true,,410,605,50,50,http://localhost:3000/api/userTimeEntry/addTimeEntry,14094,0,0
1600253919383,14434,add time entry,200,OK,Tasks 1-10,text,true,,410,605,50,50,http://localhost:3000/api/userTimeEntry/addTimeEntry,14434,0,0
1600253920412,13520,add time entry,200,OK,Tasks 1-22,text,true,,410,605,50,50,http://localhost:3000/api/userTimeEntry/addTimeEntry,13520,0,0
1600253919910,14179,add time entry,200,OK,Tasks 1-13,text,true,,410,605,50,50,http://localhost:3000/api/userTimeEntry/addTimeEntry,14179,0,0
1600253919950,14140,add time entry,200,OK,Tasks 1-27,text,true,,410,605,50,50,http://localhost:3000/api/userTimeEntry/addTimeEntry,14140,0,0
1600253919565,14789,add time entry,200,OK,Tasks 1-11,text,true,,410,605,50,50,http://localhost:3000/api/userTimeEntry/addTimeEntry,14789,0,0
1600253920158,14198,add time entry,200,OK,Tasks 1-29,text,true,,410,605,50,50,http://localhost:3000/api/userTimeEntry/addTimeEntry,14198,0,0
1600253919262,15323,add time entry,200,OK,Tasks 1-49,text,true,,410,605,50,50,http://localhost:3000/api/userTimeEntry/addTimeEntry,15323,0,0
1600253919387,15248,add time entry,200,OK,Tasks 1-47,text,true,,410,605,50,50,http://localhost:3000/api/userTimeEntry/addTimeEntry,15248,0,0
1600253919386,15870,add time entry,200,OK,Tasks 1-5,text,true,,410,605,50,50,http://localhost:3000/api/userTimeEntry/addTimeEntry,15870,0,0
1600253919564,15693,add time entry,200,OK,Tasks 1-39,text,true,,410,605,50,50,http://localhost:3000/api/userTimeEntry/addTimeEntry,15692,0,0
1600253920154,15103,add time entry,200,OK,Tasks 1-15,text,true,,410,605,50,50,http://localhost:3000/api/userTimeEntry/addTimeEntry,15103,0,0
1600253919411,15849,add time entry,200,OK,Tasks 1-2,text,true,,410,605,50,50,http://localhost:3000/api/userTimeEntry/addTimeEntry,15849,0,0
1600253920430,15160,add time entry,200,OK,Tasks 1-41,text,true,,410,605,50,50,http://localhost:3000/api/userTimeEntry/addTimeEntry,15160,0,0
1600253920157,15433,add time entry,200,OK,Tasks 1-7,text,true,,410,605,50,50,http://localhost:3000/api/userTimeEntry/addTimeEntry,15433,0,0
1600253920160,15574,add time entry,200,OK,Tasks 1-20,text,true,,410,605,50,50,http://localhost:3000/api/userTimeEntry/addTimeEntry,15574,0,0
1600253920421,15394,add time entry,200,OK,Tasks 1-6,text,true,,410,605,50,50,http://localhost:3000/api/userTimeEntry/addTimeEntry,15394,0,0
1600253921322,14590,add time entry,200,OK,Tasks 1-35,text,true,,410,605,50,50,http://localhost:3000/api/userTimeEntry/addTimeEntry,14590,0,0
1600253919949,16277,add time entry,200,OK,Tasks 1-19,text,true,,410,605,50,50,http://localhost:3000/api/userTimeEntry/addTimeEntry,16277,0,0
1600253920675,15553,add time entry,200,OK,Tasks 1-30,text,true,,410,605,50,50,http://localhost:3000/api/userTimeEntry/addTimeEntry,15553,0,0
1600253920157,16077,add time entry,200,OK,Tasks 1-4,text,true,,410,605,50,50,http://localhost:3000/api/userTimeEntry/addTimeEntry,16077,0,0
1600253922103,14260,add time entry,200,OK,Tasks 1-25,text,true,,410,605,50,50,http://localhost:3000/api/userTimeEntry/addTimeEntry,14260,0,0
1600253920017,16564,add time entry,200,OK,Tasks 1-8,text,true,,410,605,50,50,http://localhost:3000/api/userTimeEntry/addTimeEntry,16564,0,0
1600253922914,13935,add time entry,200,OK,Tasks 1-44,text,true,,410,605,50,50,http://localhost:3000/api/userTimeEntry/addTimeEntry,13935,0,0
1600253920158,16694,add time entry,200,OK,Tasks 1-1,text,true,,410,605,50,50,http://localhost:3000/api/userTimeEntry/addTimeEntry,16694,0,0
1600253920612,16486,add time entry,200,OK,Tasks 1-18,text,true,,410,605,50,50,http://localhost:3000/api/userTimeEntry/addTimeEntry,16486,0,0
1600253922472,15056,add time entry,200,OK,Tasks 1-48,text,true,,410,605,50,50,http://localhost:3000/api/userTimeEntry/addTimeEntry,15056,0,0
1600253920656,17101,add time entry,200,OK,Tasks 1-26,text,true,,410,605,50,50,http://localhost:3000/api/userTimeEntry/addTimeEntry,17101,0,0
1600253919563,18195,add time entry,200,OK,Tasks 1-32,text,true,,410,605,50,50,http://localhost:3000/api/userTimeEntry/addTimeEntry,18195,0,0
1600253922473,15286,add time entry,200,OK,Tasks 1-43,text,true,,410,605,50,50,http://localhost:3000/api/userTimeEntry/addTimeEntry,15286,0,0
1600253924659,14110,add time entry,200,OK,Tasks 1-12,text,true,,410,605,50,50,http://localhost:3000/api/userTimeEntry/addTimeEntry,14110,0,0
1600253922807,16366,add time entry,200,OK,Tasks 1-34,text,true,,410,605,50,50,http://localhost:3000/api/userTimeEntry/addTimeEntry,16366,0,0
1600253926746,12788,update time entry desription,200,OK,Tasks 1-9,text,true,,289,481,50,50,http://localhost:3000/api/userTimeEntry/updateTimeEntry,12788,0,0
1600253920159,19916,add time entry,200,OK,Tasks 1-45,text,true,,410,605,50,50,http://localhost:3000/api/userTimeEntry/addTimeEntry,19916,0,0
1600253923900,16864,add time entry,200,OK,Tasks 1-36,text,true,,410,605,50,50,http://localhost:3000/api/userTimeEntry/addTimeEntry,16864,0,0
1600253929733,11933,update time entry desription,200,OK,Tasks 1-14,text,true,,289,481,50,50,http://localhost:3000/api/userTimeEntry/updateTimeEntry,11932,0,0
1600253929733,11933,add time entry,200,OK,Tasks 1-33,text,true,,410,605,50,50,http://localhost:3000/api/userTimeEntry/addTimeEntry,11933,0,0
1600253932935,10292,update time entry desription,200,OK,Tasks 1-16,text,true,,289,481,50,50,http://localhost:3000/api/userTimeEntry/updateTimeEntry,10292,0,0
1600253930084,13260,update time entry desription,200,OK,Tasks 1-3,text,true,,289,481,50,50,http://localhost:3000/api/userTimeEntry/updateTimeEntry,13260,0,0
1600253934090,9595,update time entry desription,200,OK,Tasks 1-27,text,true,,289,481,50,50,http://localhost:3000/api/userTimeEntry/updateTimeEntry,9595,0,0
1600253934585,9104,update time entry desription,200,OK,Tasks 1-49,text,true,,289,481,50,50,http://localhost:3000/api/userTimeEntry/updateTimeEntry,9104,0,0
1600253931175,12893,update time entry desription,200,OK,Tasks 1-17,text,true,,289,481,50,50,http://localhost:3000/api/userTimeEntry/updateTimeEntry,12893,0,0
1600253931272,14321,update time entry desription,200,OK,Tasks 1-37,text,true,,289,481,50,50,http://localhost:3000/api/userTimeEntry/updateTimeEntry,14321,0,0
1600253933149,12445,update time entry desription,200,OK,Tasks 1-50,text,true,,289,481,50,50,http://localhost:3000/api/userTimeEntry/updateTimeEntry,12445,0,0
1600253933481,12209,update time entry desription,200,OK,Tasks 1-21,text,true,,289,481,50,50,http://localhost:3000/api/userTimeEntry/updateTimeEntry,12209,0,0
1600253933817,11892,update time entry desription,200,OK,Tasks 1-10,text,true,,289,481,50,50,http://localhost:3000/api/userTimeEntry/updateTimeEntry,11892,0,0
1600253931664,14045,update time entry desription,200,OK,Tasks 1-31,text,true,,289,481,50,50,http://localhost:3000/api/userTimeEntry/updateTimeEntry,14045,0,0
1600253932634,13079,update time entry desription,200,OK,Tasks 1-23,text,true,,289,481,50,50,http://localhost:3000/api/userTimeEntry/updateTimeEntry,13079,0,0
1600253926748,19130,add time entry,200,OK,Tasks 1-46,text,true,,410,605,50,50,http://localhost:3000/api/userTimeEntry/addTimeEntry,19130,0,0
1600253931174,14703,update time entry desription,200,OK,Tasks 1-40,text,true,,289,481,50,50,http://localhost:3000/api/userTimeEntry/updateTimeEntry,14703,0,0
1600253931770,14113,update time entry desription,200,OK,Tasks 1-28,text,true,,289,481,50,50,http://localhost:3000/api/userTimeEntry/updateTimeEntry,14113,0,0
1600253933482,12953,update time entry desription,200,OK,Tasks 1-38,text,true,,289,481,50,50,http://localhost:3000/api/userTimeEntry/updateTimeEntry,12953,0,0
1600253933933,12507,update time entry desription,200,OK,Tasks 1-22,text,true,,289,481,50,50,http://localhost:3000/api/userTimeEntry/updateTimeEntry,12507,0,0
1600253934353,12087,update time entry desription,200,OK,Tasks 1-11,text,true,,289,481,50,50,http://localhost:3000/api/userTimeEntry/updateTimeEntry,12087,0,0
1600253936226,10463,update time entry desription,200,OK,Tasks 1-19,text,true,,289,481,50,50,http://localhost:3000/api/userTimeEntry/updateTimeEntry,10463,0,0
1600253935258,11433,update time entry desription,200,OK,Tasks 1-15,text,true,,289,481,50,50,http://localhost:3000/api/userTimeEntry/updateTimeEntry,11433,0,0
1600253931928,14764,update time entry desription,200,OK,Tasks 1-24,text,true,,289,481,50,50,http://localhost:3000/api/userTimeEntry/updateTimeEntry,14764,0,0
1600253934356,12338,update time entry desription,200,OK,Tasks 1-29,text,true,,289,481,50,50,http://localhost:3000/api/userTimeEntry/updateTimeEntry,12338,0,0
1600253934634,12185,update time entry desription,200,OK,Tasks 1-47,text,true,,289,481,50,50,http://localhost:3000/api/userTimeEntry/updateTimeEntry,12185,0,0
1600253935257,11565,update time entry desription,200,OK,Tasks 1-39,text,true,,289,481,50,50,http://localhost:3000/api/userTimeEntry/updateTimeEntry,11564,0,0
1600253939535,7442,complete task,200,OK,Tasks 1-9,text,true,,294,428,50,50,http://localhost:3000/api/task/complete,7442,0,0
1600253935257,11722,update time entry desription,200,OK,Tasks 1-5,text,true,,289,481,50,50,http://localhost:3000/api/userTimeEntry/updateTimeEntry,11722,0,0
1600253935590,11401,update time entry desription,200,OK,Tasks 1-41,text,true,,289,481,49,49,http://localhost:3000/api/userTimeEntry/updateTimeEntry,11401,0,0
1600253935914,11363,update time entry desription,200,OK,Tasks 1-35,text,true,,289,481,49,49,http://localhost:3000/api/userTimeEntry/updateTimeEntry,11363,0,0
1600253932670,14680,update time entry desription,200,OK,Tasks 1-42,text,true,,289,481,49,49,http://localhost:3000/api/userTimeEntry/updateTimeEntry,14680,0,0
1600253941665,5686,complete task,200,OK,Tasks 1-14,text,true,,294,428,49,49,http://localhost:3000/api/task/complete,5686,0,0
1600253943691,3668,complete task,200,OK,Tasks 1-49,text,true,,294,428,48,48,http://localhost:3000/api/task/complete,3668,0,0
1600253935591,12005,update time entry desription,200,OK,Tasks 1-7,text,true,,289,481,47,47,http://localhost:3000/api/userTimeEntry/updateTimeEntry,12005,0,0
1600253943687,4064,complete task,200,OK,Tasks 1-27,text,true,,294,428,47,47,http://localhost:3000/api/task/complete,4064,0,0
1600253935816,11974,update time entry desription,200,OK,Tasks 1-6,text,true,,289,481,46,46,http://localhost:3000/api/userTimeEntry/updateTimeEntry,11974,0,0
1600253943344,4590,complete task,200,OK,Tasks 1-3,text,true,,294,428,46,46,http://localhost:3000/api/task/complete,4590,0,0
1600253944069,3940,complete task,200,OK,Tasks 1-17,text,true,,294,428,45,45,http://localhost:3000/api/task/complete,3940,0,0
1600253936364,11667,update time entry desription,200,OK,Tasks 1-25,text,true,,289,481,44,44,http://localhost:3000/api/userTimeEntry/updateTimeEntry,11667,0,0
1600253943228,4803,complete task,200,OK,Tasks 1-16,text,true,,294,428,44,44,http://localhost:3000/api/task/complete,4803,0,0
1600253936851,11182,update time entry desription,200,OK,Tasks 1-44,text,true,,289,481,44,44,http://localhost:3000/api/userTimeEntry/updateTimeEntry,11182,0,0
1600253936228,11873,update time entry desription,200,OK,Tasks 1-30,text,true,,289,481,43,43,http://localhost:3000/api/userTimeEntry/updateTimeEntry,11873,0,0
1600253936235,11979,update time entry desription,200,OK,Tasks 1-4,text,true,,289,481,43,43,http://localhost:3000/api/userTimeEntry/updateTimeEntry,11979,0,0
1600253935735,12579,update time entry desription,200,OK,Tasks 1-20,text,true,,289,481,43,43,http://localhost:3000/api/userTimeEntry/updateTimeEntry,12579,0,0
1600253936854,11460,update time entry desription,200,OK,Tasks 1-1,text,true,,289,481,43,43,http://localhost:3000/api/userTimeEntry/updateTimeEntry,11460,0,0
1600253935260,13372,update time entry desription,200,OK,Tasks 1-2,text,true,,289,481,43,43,http://localhost:3000/api/userTimeEntry/updateTimeEntry,13372,0,0
1600253936581,12219,update time entry desription,200,OK,Tasks 1-8,text,true,,289,481,43,43,http://localhost:3000/api/userTimeEntry/updateTimeEntry,12218,0,0
1600253945595,3205,complete task,200,OK,Tasks 1-50,text,true,,294,428,43,43,http://localhost:3000/api/task/complete,3205,0,0
1600253937529,11275,update time entry desription,200,OK,Tasks 1-48,text,true,,289,481,42,42,http://localhost:3000/api/userTimeEntry/updateTimeEntry,11275,0,0
1600253945710,3094,complete task,200,OK,Tasks 1-31,text,true,,294,428,42,42,http://localhost:3000/api/task/complete,3094,0,0
1600253934089,14716,update time entry desription,200,OK,Tasks 1-13,text,true,,289,481,41,41,http://localhost:3000/api/userTimeEntry/updateTimeEntry,14716,0,0
1600253937759,11048,update time entry desription,200,OK,Tasks 1-43,text,true,,289,481,41,41,http://localhost:3000/api/userTimeEntry/updateTimeEntry,11048,0,0
1600253945709,3127,complete task,200,OK,Tasks 1-10,text,true,,294,428,41,41,http://localhost:3000/api/task/complete,3127,0,0
1600253937100,11779,update time entry desription,200,OK,Tasks 1-18,text,true,,289,481,40,40,http://localhost:3000/api/userTimeEntry/updateTimeEntry,11779,0,0
1600253945713,3186,complete task,200,OK,Tasks 1-23,text,true,,294,428,40,40,http://localhost:3000/api/task/complete,3186,0,0
1600253945878,3024,complete task,200,OK,Tasks 1-40,text,true,,294,428,39,39,http://localhost:3000/api/task/complete,3024,0,0
1600253937758,11270,update time entry desription,200,OK,Tasks 1-26,text,true,,289,481,38,38,http://localhost:3000/api/userTimeEntry/updateTimeEntry,11270,0,0
1600253945593,3434,complete task,200,OK,Tasks 1-37,text,true,,294,428,38,38,http://localhost:3000/api/task/complete,3434,0,0
1600253945690,3400,complete task,200,OK,Tasks 1-21,text,true,,294,428,37,37,http://localhost:3000/api/task/complete,3400,0,0
1600253945883,3208,complete task,200,OK,Tasks 1-28,text,true,,294,428,37,37,http://localhost:3000/api/task/complete,3208,0,0
1600253937758,11340,update time entry desription,200,OK,Tasks 1-32,text,true,,289,481,35,35,http://localhost:3000/api/userTimeEntry/updateTimeEntry,11340,0,0
1600253946436,2711,complete task,200,OK,Tasks 1-38,text,true,,294,428,35,35,http://localhost:3000/api/task/complete,2711,0,0
1600253946440,2708,complete task,200,OK,Tasks 1-22,text,true,,294,428,35,35,http://localhost:3000/api/task/complete,2708,0,0
1600253946440,2709,complete task,200,OK,Tasks 1-11,text,true,,294,428,33,33,http://localhost:3000/api/task/complete,2709,0,0
1600253938770,10428,update time entry desription,200,OK,Tasks 1-12,text,true,,289,481,32,32,http://localhost:3000/api/userTimeEntry/updateTimeEntry,10427,0,0
1600253946689,2564,complete task,200,OK,Tasks 1-19,text,true,,294,428,32,32,http://localhost:3000/api/task/complete,2563,0,0
1600253946691,2689,complete task,200,OK,Tasks 1-15,text,true,,294,428,31,31,http://localhost:3000/api/task/complete,2689,0,0
1600253946693,2749,complete task,200,OK,Tasks 1-24,text,true,,294,428,30,30,http://localhost:3000/api/task/complete,2749,0,0
1600253946695,2803,complete task,200,OK,Tasks 1-29,text,true,,294,428,29,29,http://localhost:3000/api/task/complete,2803,0,0
1600253946821,2678,complete task,200,OK,Tasks 1-47,text,true,,294,428,29,29,http://localhost:3000/api/task/complete,2678,0,0
1600253939173,10328,update time entry desription,200,OK,Tasks 1-34,text,true,,289,481,27,27,http://localhost:3000/api/userTimeEntry/updateTimeEntry,10328,0,0
1600253946822,2679,complete task,200,OK,Tasks 1-39,text,true,,294,428,27,27,http://localhost:3000/api/task/complete,2679,0,0
1600253940765,8736,update time entry desription,200,OK,Tasks 1-36,text,true,,289,481,26,26,http://localhost:3000/api/userTimeEntry/updateTimeEntry,8736,0,0
1600253946991,2575,complete task,200,OK,Tasks 1-41,text,true,,294,428,26,26,http://localhost:3000/api/task/complete,2575,0,0
1600253946979,2591,complete task,200,OK,Tasks 1-5,text,true,,294,428,25,25,http://localhost:3000/api/task/complete,2591,0,0
1600253947351,3205,complete task,200,OK,Tasks 1-42,text,true,,294,428,24,24,http://localhost:3000/api/task/complete,3205,0,0
1600253941666,8891,update time entry desription,200,OK,Tasks 1-33,text,true,,289,481,24,24,http://localhost:3000/api/userTimeEntry/updateTimeEntry,8891,0,0
1600253947277,3448,complete task,200,OK,Tasks 1-35,text,true,,294,428,23,23,http://localhost:3000/api/task/complete,3448,0,0
1600253947789,2998,complete task,200,OK,Tasks 1-6,text,true,,294,428,22,22,http://localhost:3000/api/task/complete,2998,0,0
1600253948101,2687,complete task,200,OK,Tasks 1-30,text,true,,294,428,22,22,http://localhost:3000/api/task/complete,2687,0,0
1600253947597,3385,complete task,200,OK,Tasks 1-7,text,true,,294,428,20,20,http://localhost:3000/api/task/complete,3385,0,0
1600253948030,2953,complete task,200,OK,Tasks 1-25,text,true,,294,428,20,20,http://localhost:3000/api/task/complete,2953,0,0
1600253948214,2772,complete task,200,OK,Tasks 1-4,text,true,,294,428,18,18,http://localhost:3000/api/task/complete,2772,0,0
1600253948313,3451,complete task,200,OK,Tasks 1-20,text,true,,294,428,17,17,http://localhost:3000/api/task/complete,3451,0,0
1600253948632,3135,complete task,200,OK,Tasks 1-2,text,true,,294,428,17,17,http://localhost:3000/api/task/complete,3135,0,0
1600253948033,3799,complete task,200,OK,Tasks 1-44,text,true,,294,428,15,15,http://localhost:3000/api/task/complete,3799,0,0
1600253948314,3519,complete task,200,OK,Tasks 1-1,text,true,,294,428,15,15,http://localhost:3000/api/task/complete,3519,0,0
1600253948806,3037,complete task,200,OK,Tasks 1-13,text,true,,294,428,13,13,http://localhost:3000/api/task/complete,3037,0,0
1600253948800,3046,complete task,200,OK,Tasks 1-8,text,true,,294,428,12,12,http://localhost:3000/api/task/complete,3046,0,0
1600253948804,3043,complete task,200,OK,Tasks 1-48,text,true,,294,428,12,12,http://localhost:3000/api/task/complete,3043,0,0
1600253948879,3034,complete task,200,OK,Tasks 1-18,text,true,,294,428,10,10,http://localhost:3000/api/task/complete,3034,0,0
1600253948807,3108,complete task,200,OK,Tasks 1-43,text,true,,294,428,9,9,http://localhost:3000/api/task/complete,3108,0,0
1600253945877,6038,update time entry desription,200,OK,Tasks 1-46,text,true,,289,481,9,9,http://localhost:3000/api/userTimeEntry/updateTimeEntry,6038,0,0
1600253949027,2889,complete task,200,OK,Tasks 1-26,text,true,,294,428,8,8,http://localhost:3000/api/task/complete,2889,0,0
1600253949500,2418,complete task,200,OK,Tasks 1-34,text,true,,294,428,7,7,http://localhost:3000/api/task/complete,2418,0,0
1600253949502,2629,complete task,200,OK,Tasks 1-36,text,true,,294,428,6,6,http://localhost:3000/api/task/complete,2629,0,0
1600253949197,2956,complete task,200,OK,Tasks 1-12,text,true,,294,428,5,5,http://localhost:3000/api/task/complete,2956,0,0
1600253949099,3118,complete task,200,OK,Tasks 1-32,text,true,,294,428,4,4,http://localhost:3000/api/task/complete,3117,0,0
1600253950559,1683,complete task,200,OK,Tasks 1-33,text,true,,294,428,3,3,http://localhost:3000/api/task/complete,1683,0,0
1600253951916,1466,complete task,200,OK,Tasks 1-46,text,true,,294,428,2,2,http://localhost:3000/api/task/complete,1466,0,2
1600253957787,2556,update time entry desription,200,OK,Tasks 1-45,text,true,,289,481,1,1,http://localhost:3000/api/userTimeEntry/updateTimeEntry,2556,0,2
1600253960343,1185,complete task,200,OK,Tasks 1-45,text,true,,294,428,1,1,http://localhost:3000/api/task/complete,1185,0,0
