1600246483462,803, login ,200,OK,user time Entries 1-1,text,true,,459,276,5,5,http://localhost:3000/api/user/login,800,0,34
1600246483517,845, login ,200,OK,user time Entries 1-2,text,true,,459,276,6,6,http://localhost:3000/api/user/login,845,0,1
1600246483719,737, login ,200,OK,user time Entries 1-3,text,true,,459,276,6,6,http://localhost:3000/api/user/login,737,0,1
1600246483914,639, login ,200,OK,user time Entries 1-4,text,true,,459,276,7,7,http://localhost:3000/api/user/login,639,0,0
1600246484117,733, login ,200,OK,user time Entries 1-5,text,true,,459,276,8,8,http://localhost:3000/api/user/login,733,0,2
1600246484515,671, login ,200,OK,user time Entries 1-7,text,true,,459,276,10,10,http://localhost:3000/api/user/login,671,0,1
1600246484315,963, login ,200,OK,user time Entries 1-6,text,true,,459,276,10,10,http://localhost:3000/api/user/login,963,0,1
1600246484716,654, login ,200,OK,user time Entries 1-8,text,true,,459,276,11,11,http://localhost:3000/api/user/login,654,0,2
1600246484912,556, login ,200,OK,user time Entries 1-9,text,true,,459,276,11,11,http://localhost:3000/api/user/login,555,0,1
1600246485111,729, login ,200,OK,user time Entries 1-10,text,true,,459,276,13,13,http://localhost:3000/api/user/login,729,0,1
1600246485510,523, login ,200,OK,user time Entries 1-12,text,true,,459,276,14,14,http://localhost:3000/api/user/login,523,0,1
1600246485310,814, login ,200,OK,user time Entries 1-11,text,true,,459,276,15,15,http://localhost:3000/api/user/login,814,0,1
1600246485711,919, login ,200,OK,user time Entries 1-13,text,true,,459,276,17,17,http://localhost:3000/api/user/login,919,0,2
1600246485909,852, login ,200,OK,user time Entries 1-14,text,true,,459,276,18,18,http://localhost:3000/api/user/login,852,0,0
1600246484457,2377,add time entry,200,OK,user time Entries 1-3,text,true,,410,605,18,18,http://localhost:3000/api/userTimeEntry/addTimeEntry,2377,0,0
1600246486108,832, login ,200,OK,user time Entries 1-15,text,true,,459,276,19,19,http://localhost:3000/api/user/login,832,0,1
1600246484364,2853,add time entry,200,OK,user time Entries 1-2,text,true,,410,605,20,20,http://localhost:3000/api/userTimeEntry/addTimeEntry,2852,0,0
1600246484315,2902,add time entry,200,OK,user time Entries 1-1,text,true,,410,605,20,20,http://localhost:3000/api/userTimeEntry/addTimeEntry,2902,0,0
1600246484554,2665,add time entry,200,OK,user time Entries 1-4,text,true,,410,605,20,20,http://localhost:3000/api/userTimeEntry/addTimeEntry,2665,0,0
1600246486506,811, login ,200,OK,user time Entries 1-17,text,true,,459,276,21,21,http://localhost:3000/api/user/login,811,0,1
1600246484851,2470,add time entry,200,OK,user time Entries 1-5,text,true,,410,605,21,21,http://localhost:3000/api/userTimeEntry/addTimeEntry,2470,0,0
1600246486307,1109, login ,200,OK,user time Entries 1-16,text,true,,459,276,21,21,http://localhost:3000/api/user/login,1109,0,1
1600246486706,798, login ,200,OK,user time Entries 1-18,text,true,,459,276,22,22,http://localhost:3000/api/user/login,798,0,1
1600246485278,2230,add time entry,200,OK,user time Entries 1-6,text,true,,410,605,22,22,http://localhost:3000/api/userTimeEntry/addTimeEntry,2230,0,0
1600246485189,2355,add time entry,200,OK,user time Entries 1-7,text,true,,410,605,22,22,http://localhost:3000/api/userTimeEntry/addTimeEntry,2355,0,0
1600246485371,2177,add time entry,200,OK,user time Entries 1-8,text,true,,410,605,22,22,http://localhost:3000/api/userTimeEntry/addTimeEntry,2177,0,0
1600246487100,540, login ,200,OK,user time Entries 1-20,text,true,,459,276,22,22,http://localhost:3000/api/user/login,540,0,1
1600246486904,826, login ,200,OK,user time Entries 1-19,text,true,,459,276,23,23,http://localhost:3000/api/user/login,826,0,1
1600246487299,1482, login ,200,OK,user time Entries 1-21,text,true,,459,276,28,28,http://localhost:3000/api/user/login,1482,0,1
1600246485468,3315,add time entry,200,OK,user time Entries 1-9,text,true,,410,605,28,28,http://localhost:3000/api/userTimeEntry/addTimeEntry,3315,0,0
1600246487499,1877, login ,200,OK,user time Entries 1-22,text,true,,459,276,31,31,http://localhost:3000/api/user/login,1877,0,1
1600246487697,1838, login ,200,OK,user time Entries 1-23,text,true,,459,276,32,32,http://localhost:3000/api/user/login,1838,0,1
1600246485841,3695,add time entry,200,OK,user time Entries 1-10,text,true,,410,605,32,32,http://localhost:3000/api/userTimeEntry/addTimeEntry,3695,0,0
1600246487907,1717, login ,200,OK,user time Entries 1-24,text,true,,459,276,32,32,http://localhost:3000/api/user/login,1717,0,4
1600246488100,1620, login ,200,OK,user time Entries 1-25,text,true,,459,276,33,33,http://localhost:3000/api/user/login,1620,0,3
1600246488287,1715, login ,200,OK,user time Entries 1-26,text,true,,459,276,34,34,http://localhost:3000/api/user/login,1715,0,3
1600246486034,3971,add time entry,200,OK,user time Entries 1-12,text,true,,410,605,34,34,http://localhost:3000/api/userTimeEntry/addTimeEntry,3971,0,0
1600246488500,1592, login ,200,OK,user time Entries 1-27,text,true,,459,276,35,35,http://localhost:3000/api/user/login,1591,0,2
1600246488691,1705, login ,200,OK,user time Entries 1-28,text,true,,459,276,36,36,http://localhost:3000/api/user/login,1704,0,1
1600246486125,4274,add time entry,200,OK,user time Entries 1-11,text,true,,410,605,36,36,http://localhost:3000/api/userTimeEntry/addTimeEntry,4274,0,0
1600246488889,1949, login ,200,OK,user time Entries 1-29,text,true,,459,276,38,38,http://localhost:3000/api/user/login,1949,0,1
1600246489487,1594, login ,200,OK,user time Entries 1-32,text,true,,459,276,39,39,http://localhost:3000/api/user/login,1594,0,1
1600246489288,1919, login ,200,OK,user time Entries 1-31,text,true,,459,276,40,40,http://localhost:3000/api/user/login,1919,0,1
1600246489090,2285, login ,200,OK,user time Entries 1-30,text,true,,459,276,41,41,http://localhost:3000/api/user/login,2285,0,2
1600246489887,1688, login ,200,OK,user time Entries 1-34,text,true,,459,276,42,42,http://localhost:3000/api/user/login,1688,0,3
1600246486761,4817,add time entry,200,OK,user time Entries 1-14,text,true,,410,605,42,42,http://localhost:3000/api/userTimeEntry/addTimeEntry,4817,0,0
1600246490085,2305, login ,200,OK,user time Entries 1-35,text,true,,459,276,46,46,http://localhost:3000/api/user/login,2305,0,1
1600246489685,2797, login ,200,OK,user time Entries 1-33,text,true,,459,276,47,47,http://localhost:3000/api/user/login,2797,0,1
1600246490288,2288, login ,200,OK,user time Entries 1-36,text,true,,459,276,47,47,http://localhost:3000/api/user/login,2288,0,1
1600246486835,5747,update time entry desription,200,OK,user time Entries 1-3,text,true,,289,481,47,47,http://localhost:3000/api/userTimeEntry/updateTimeEntry,5747,0,0
1600246490479,2190, login ,200,OK,user time Entries 1-37,text,true,,459,276,46,46,http://localhost:3000/api/user/login,2190,0,4
1600246487217,5495,update time entry desription,200,OK,user time Entries 1-2,text,true,,289,481,47,47,http://localhost:3000/api/userTimeEntry/updateTimeEntry,5495,0,0
1600246486941,5773,add time entry,200,OK,user time Entries 1-15,text,true,,410,605,46,46,http://localhost:3000/api/userTimeEntry/addTimeEntry,5773,0,0
1600246490677,2127, login ,200,OK,user time Entries 1-38,text,true,,459,276,46,46,http://localhost:3000/api/user/login,2127,0,2
1600246490870,2025, login ,200,OK,user time Entries 1-39,text,true,,459,276,47,47,http://localhost:3000/api/user/login,2025,0,1
1600246487218,5680,update time entry desription,200,OK,user time Entries 1-1,text,true,,289,481,47,47,http://localhost:3000/api/userTimeEntry/updateTimeEntry,5680,0,0
1600246487220,5679,update time entry desription,200,OK,user time Entries 1-4,text,true,,289,481,46,46,http://localhost:3000/api/userTimeEntry/updateTimeEntry,5679,0,0
1600246491082,1906, login ,200,OK,user time Entries 1-40,text,true,,459,276,45,45,http://localhost:3000/api/user/login,1906,0,1
1600246486631,6978,add time entry,200,OK,user time Entries 1-13,text,true,,410,605,46,46,http://localhost:3000/api/userTimeEntry/addTimeEntry,6978,0,0
1600246491282,2527, login ,200,OK,user time Entries 1-41,text,true,,459,276,46,46,http://localhost:3000/api/user/login,2527,0,1
1600246491480,2576, login ,200,OK,user time Entries 1-42,text,true,,459,276,46,46,http://localhost:3000/api/user/login,2576,0,1
1600246491682,2568, login ,200,OK,user time Entries 1-43,text,true,,459,276,46,46,http://localhost:3000/api/user/login,2568,0,3
1600246491884,2454, login ,200,OK,user time Entries 1-44,text,true,,459,276,46,46,http://localhost:3000/api/user/login,2454,0,3
1600246492081,2349, login ,200,OK,user time Entries 1-45,text,true,,459,276,46,46,http://localhost:3000/api/user/login,2349,0,2
1600246492279,2514, login ,200,OK,user time Entries 1-46,text,true,,459,276,46,46,http://localhost:3000/api/user/login,2514,0,2
1600246487549,7452,update time entry desription,200,OK,user time Entries 1-8,text,true,,289,481,46,46,http://localhost:3000/api/userTimeEntry/updateTimeEntry,7452,0,0
1600246487318,7730,add time entry,200,OK,user time Entries 1-17,text,true,,410,605,45,45,http://localhost:3000/api/userTimeEntry/addTimeEntry,7730,0,0
1600246492477,2931, login ,200,OK,user time Entries 1-47,text,true,,459,276,45,45,http://localhost:3000/api/user/login,2930,0,1
1600246492677,2943, login ,200,OK,user time Entries 1-48,text,true,,459,276,45,45,http://localhost:3000/api/user/login,2943,0,1
1600246492876,2832, login ,200,OK,user time Entries 1-49,text,true,,459,276,45,45,http://localhost:3000/api/user/login,2831,0,0
1600246487322,8457,update time entry desription,200,OK,user time Entries 1-5,text,true,,289,481,45,45,http://localhost:3000/api/userTimeEntry/updateTimeEntry,8457,0,0
1600246487417,8415,add time entry,200,OK,user time Entries 1-16,text,true,,410,605,44,44,http://localhost:3000/api/userTimeEntry/addTimeEntry,8414,0,0
1600246493076,2890, login ,200,OK,user time Entries 1-50,text,true,,459,276,44,44,http://localhost:3000/api/user/login,2890,0,2
1600246487505,8464,add time entry,200,OK,user time Entries 1-18,text,true,,410,605,44,44,http://localhost:3000/api/userTimeEntry/addTimeEntry,8464,0,0
1600246487545,8875,update time entry desription,200,OK,user time Entries 1-7,text,true,,289,481,44,44,http://localhost:3000/api/userTimeEntry/updateTimeEntry,8875,0,0
1600246487731,8929,add time entry,200,OK,user time Entries 1-19,text,true,,410,605,43,43,http://localhost:3000/api/userTimeEntry/addTimeEntry,8929,0,0
1600246487509,9384,update time entry desription,200,OK,user time Entries 1-6,text,true,,289,481,43,43,http://localhost:3000/api/userTimeEntry/updateTimeEntry,9384,0,0
1600246487641,9692,add time entry,200,OK,user time Entries 1-20,text,true,,410,605,42,42,http://localhost:3000/api/userTimeEntry/addTimeEntry,9692,0,0
1600246489534,7844,add time entry,200,OK,user time Entries 1-23,text,true,,410,605,42,42,http://localhost:3000/api/userTimeEntry/addTimeEntry,7844,0,0
1600246489376,8069,add time entry,200,OK,user time Entries 1-22,text,true,,410,605,42,42,http://localhost:3000/api/userTimeEntry/addTimeEntry,8068,0,0
1600246488783,8864,update time entry desription,200,OK,user time Entries 1-9,text,true,,289,481,42,42,http://localhost:3000/api/userTimeEntry/updateTimeEntry,8864,0,0
1600246489624,8023,add time entry,200,OK,user time Entries 1-24,text,true,,410,605,41,41,http://localhost:3000/api/userTimeEntry/addTimeEntry,8023,0,0
1600246490002,7647,add time entry,200,OK,user time Entries 1-26,text,true,,410,605,41,41,http://localhost:3000/api/userTimeEntry/addTimeEntry,7647,0,0
1600246488781,9006,add time entry,200,OK,user time Entries 1-21,text,true,,410,605,41,41,http://localhost:3000/api/userTimeEntry/addTimeEntry,9006,0,0
1600246489720,8500,add time entry,200,OK,user time Entries 1-25,text,true,,410,605,41,41,http://localhost:3000/api/userTimeEntry/addTimeEntry,8500,0,0
1600246491081,7228,add time entry,200,OK,user time Entries 1-32,text,true,,410,605,41,41,http://localhost:3000/api/userTimeEntry/addTimeEntry,7228,0,0
1600246491207,7103,add time entry,200,OK,user time Entries 1-31,text,true,,410,605,41,41,http://localhost:3000/api/userTimeEntry/addTimeEntry,7103,0,0
1600246490396,8074,add time entry,200,OK,user time Entries 1-28,text,true,,410,605,41,41,http://localhost:3000/api/userTimeEntry/addTimeEntry,8074,0,0
1600246490839,7798,add time entry,200,OK,user time Entries 1-29,text,true,,410,605,41,41,http://localhost:3000/api/userTimeEntry/addTimeEntry,7798,0,0
1600246491576,7943,add time entry,200,OK,user time Entries 1-34,text,true,,410,605,41,41,http://localhost:3000/api/userTimeEntry/addTimeEntry,7943,0,0
1600246490399,9121,update time entry desription,200,OK,user time Entries 1-11,text,true,,289,481,41,41,http://localhost:3000/api/userTimeEntry/updateTimeEntry,9121,0,0
1600246490092,9531,add time entry,200,OK,user time Entries 1-27,text,true,,410,605,40,40,http://localhost:3000/api/userTimeEntry/addTimeEntry,9531,0,0
1600246489535,10089,update time entry desription,200,OK,user time Entries 1-10,text,true,,289,481,40,40,http://localhost:3000/api/userTimeEntry/updateTimeEntry,10089,0,0
1600246490005,9653,update time entry desription,200,OK,user time Entries 1-12,text,true,,289,481,39,39,http://localhost:3000/api/userTimeEntry/updateTimeEntry,9653,0,0
1600246491376,8425,add time entry,200,OK,user time Entries 1-30,text,true,,410,605,38,38,http://localhost:3000/api/userTimeEntry/addTimeEntry,8425,0,0
1600246492482,7839,add time entry,200,OK,user time Entries 1-33,text,true,,410,605,38,38,http://localhost:3000/api/userTimeEntry/addTimeEntry,7839,0,0
1600246492989,7595,add time entry,200,OK,user time Entries 1-40,text,true,,410,605,38,38,http://localhost:3000/api/userTimeEntry/addTimeEntry,7595,0,0
1600246492577,8218,add time entry,200,OK,user time Entries 1-36,text,true,,410,605,38,38,http://localhost:3000/api/userTimeEntry/addTimeEntry,8218,0,0
1600246493810,6987,add time entry,200,OK,user time Entries 1-41,text,true,,410,605,38,38,http://localhost:3000/api/userTimeEntry/addTimeEntry,6986,0,0
1600246491578,9241,update time entry desription,200,OK,user time Entries 1-14,text,true,,289,481,38,38,http://localhost:3000/api/userTimeEntry/updateTimeEntry,9241,0,0
1600246492670,8195,add time entry,200,OK,user time Entries 1-37,text,true,,410,605,37,37,http://localhost:3000/api/userTimeEntry/addTimeEntry,8195,0,0
1600246494058,6974,add time entry,200,OK,user time Entries 1-42,text,true,,410,605,37,37,http://localhost:3000/api/userTimeEntry/addTimeEntry,6974,0,0
1600246492713,8335,update time entry desription,200,OK,user time Entries 1-15,text,true,,289,481,37,37,http://localhost:3000/api/userTimeEntry/updateTimeEntry,8335,0,0
1600246493611,8092,update time entry desription,200,OK,user time Entries 1-13,text,true,,289,481,36,36,http://localhost:3000/api/userTimeEntry/updateTimeEntry,8092,0,0
1600246492391,9311,add time entry,200,OK,user time Entries 1-35,text,true,,410,605,36,36,http://localhost:3000/api/userTimeEntry/addTimeEntry,9311,0,0
1600246492896,9152,add time entry,200,OK,user time Entries 1-39,text,true,,410,605,35,35,http://localhost:3000/api/userTimeEntry/addTimeEntry,9152,0,0
1600246494340,8012,add time entry,200,OK,user time Entries 1-44,text,true,,410,605,35,35,http://localhost:3000/api/userTimeEntry/addTimeEntry,8012,0,0
1600246492805,9958,add time entry,200,OK,user time Entries 1-38,text,true,,410,605,35,35,http://localhost:3000/api/userTimeEntry/addTimeEntry,9957,0,0
1600246495834,6941,update time entry desription,200,OK,user time Entries 1-16,text,true,,289,481,35,35,http://localhost:3000/api/userTimeEntry/updateTimeEntry,6941,0,0
1600246494795,8391,add time entry,200,OK,user time Entries 1-46,text,true,,410,605,34,34,http://localhost:3000/api/userTimeEntry/addTimeEntry,8391,0,0
1600246495709,7482,add time entry,200,OK,user time Entries 1-49,text,true,,410,605,34,34,http://localhost:3000/api/userTimeEntry/addTimeEntry,7482,0,0
1600246495409,7784,add time entry,200,OK,user time Entries 1-47,text,true,,410,605,34,34,http://localhost:3000/api/userTimeEntry/addTimeEntry,7784,0,0
1600246495621,7585,add time entry,200,OK,user time Entries 1-48,text,true,,410,605,34,34,http://localhost:3000/api/userTimeEntry/addTimeEntry,7585,0,0
1600246495967,7242,add time entry,200,OK,user time Entries 1-50,text,true,,410,605,34,34,http://localhost:3000/api/userTimeEntry/addTimeEntry,7242,0,0
1600246494251,8998,add time entry,200,OK,user time Entries 1-43,text,true,,410,605,34,34,http://localhost:3000/api/userTimeEntry/addTimeEntry,8998,0,0
1600246494431,8966,add time entry,200,OK,user time Entries 1-45,text,true,,410,605,34,34,http://localhost:3000/api/userTimeEntry/addTimeEntry,8966,0,0
1600246495970,7532,update time entry desription,200,OK,user time Entries 1-18,text,true,,289,481,34,34,http://localhost:3000/api/userTimeEntry/updateTimeEntry,7531,0,0
1600246495049,8624,update time entry desription,200,OK,user time Entries 1-17,text,true,,289,481,33,33,http://localhost:3000/api/userTimeEntry/updateTimeEntry,8624,0,0
1600246496661,7395,update time entry desription,200,OK,user time Entries 1-19,text,true,,289,481,32,32,http://localhost:3000/api/userTimeEntry/updateTimeEntry,7395,0,0
1600246497334,6723,update time entry desription,200,OK,user time Entries 1-20,text,true,,289,481,32,32,http://localhost:3000/api/userTimeEntry/updateTimeEntry,6723,0,0
1600246497380,7095,update time entry desription,200,OK,user time Entries 1-23,text,true,,289,481,30,30,http://localhost:3000/api/userTimeEntry/updateTimeEntry,7095,0,0
1600246497649,6827,update time entry desription,200,OK,user time Entries 1-24,text,true,,289,481,30,30,http://localhost:3000/api/userTimeEntry/updateTimeEntry,6827,0,0
1600246498221,6350,update time entry desription,200,OK,user time Entries 1-25,text,true,,289,481,28,28,http://localhost:3000/api/userTimeEntry/updateTimeEntry,6349,0,0
1600246497447,7125,update time entry desription,200,OK,user time Entries 1-22,text,true,,289,481,28,28,http://localhost:3000/api/userTimeEntry/updateTimeEntry,7124,0,0
1600246498312,6364,update time entry desription,200,OK,user time Entries 1-31,text,true,,289,481,26,26,http://localhost:3000/api/userTimeEntry/updateTimeEntry,6364,0,0
1600246498471,6221,update time entry desription,200,OK,user time Entries 1-28,text,true,,289,481,25,25,http://localhost:3000/api/userTimeEntry/updateTimeEntry,6221,0,0
1600246498639,6149,update time entry desription,200,OK,user time Entries 1-29,text,true,,289,481,24,24,http://localhost:3000/api/userTimeEntry/updateTimeEntry,6149,0,0
1600246497651,7139,update time entry desription,200,OK,user time Entries 1-26,text,true,,289,481,23,23,http://localhost:3000/api/userTimeEntry/updateTimeEntry,7139,0,0
1600246497790,7002,update time entry desription,200,OK,user time Entries 1-21,text,true,,289,481,23,23,http://localhost:3000/api/userTimeEntry/updateTimeEntry,7002,0,0
1600246498310,6558,update time entry desription,200,OK,user time Entries 1-32,text,true,,289,481,21,21,http://localhost:3000/api/userTimeEntry/updateTimeEntry,6558,0,0
1600246499521,5351,update time entry desription,200,OK,user time Entries 1-34,text,true,,289,481,20,20,http://localhost:3000/api/userTimeEntry/updateTimeEntry,5351,0,0
1600246499625,5256,update time entry desription,200,OK,user time Entries 1-27,text,true,,289,481,19,19,http://localhost:3000/api/userTimeEntry/updateTimeEntry,5256,0,0
1600246499803,5635,update time entry desription,200,OK,user time Entries 1-30,text,true,,289,481,18,18,http://localhost:3000/api/userTimeEntry/updateTimeEntry,5635,0,0
1600246500333,5202,update time entry desription,200,OK,user time Entries 1-33,text,true,,289,481,17,17,http://localhost:3000/api/userTimeEntry/updateTimeEntry,5202,0,0
1600246500867,4681,update time entry desription,200,OK,user time Entries 1-37,text,true,,289,481,16,16,http://localhost:3000/api/userTimeEntry/updateTimeEntry,4681,0,0
1600246501034,4517,update time entry desription,200,OK,user time Entries 1-42,text,true,,289,481,15,15,http://localhost:3000/api/userTimeEntry/updateTimeEntry,4517,0,0
1600246500797,4756,update time entry desription,200,OK,user time Entries 1-36,text,true,,289,481,14,14,http://localhost:3000/api/userTimeEntry/updateTimeEntry,4756,0,0
1600246500797,4757,update time entry desription,200,OK,user time Entries 1-41,text,true,,289,481,14,14,http://localhost:3000/api/userTimeEntry/updateTimeEntry,4757,0,0
1600246500587,4970,update time entry desription,200,OK,user time Entries 1-40,text,true,,289,481,12,12,http://localhost:3000/api/userTimeEntry/updateTimeEntry,4970,0,0
1600246501704,3970,update time entry desription,200,OK,user time Entries 1-35,text,true,,289,481,11,11,http://localhost:3000/api/userTimeEntry/updateTimeEntry,3970,0,0
1600246502049,4062,update time entry desription,200,OK,user time Entries 1-39,text,true,,289,481,10,10,http://localhost:3000/api/userTimeEntry/updateTimeEntry,4062,0,0
1600246503195,2930,update time entry desription,200,OK,user time Entries 1-49,text,true,,289,481,9,9,http://localhost:3000/api/userTimeEntry/updateTimeEntry,2930,0,0
1600246502353,3776,update time entry desription,200,OK,user time Entries 1-44,text,true,,289,481,8,8,http://localhost:3000/api/userTimeEntry/updateTimeEntry,3776,0,0
1600246503196,2933,update time entry desription,200,OK,user time Entries 1-47,text,true,,289,481,8,8,http://localhost:3000/api/userTimeEntry/updateTimeEntry,2933,0,0
1600246503188,2947,update time entry desription,200,OK,user time Entries 1-46,text,true,,289,481,6,6,http://localhost:3000/api/userTimeEntry/updateTimeEntry,2947,0,0
1600246502765,3370,update time entry desription,200,OK,user time Entries 1-38,text,true,,289,481,6,6,http://localhost:3000/api/userTimeEntry/updateTimeEntry,3370,0,0
1600246503208,2928,update time entry desription,200,OK,user time Entries 1-48,text,true,,289,481,6,6,http://localhost:3000/api/userTimeEntry/updateTimeEntry,2927,0,0
1600246503211,2927,update time entry desription,200,OK,user time Entries 1-50,text,true,,289,481,3,3,http://localhost:3000/api/userTimeEntry/updateTimeEntry,2927,0,0
1600246503251,3411,update time entry desription,200,OK,user time Entries 1-43,text,true,,289,481,2,2,http://localhost:3000/api/userTimeEntry/updateTimeEntry,3410,0,0
1600246503397,3268,update time entry desription,200,OK,user time Entries 1-45,text,true,,289,481,1,1,http://localhost:3000/api/userTimeEntry/updateTimeEntry,3268,0,0
