timeStamp,elapsed,label,responseCode,responseMessage,threadName,dataType,success,failureMessage,bytes,sentBytes,grpThreads,allThreads,URL,Latency,IdleTime,Connect
1599952474834,435, login ,200,OK,user time Entries 1-1,text,true,,459,276,9,9,http://localhost:3000/api/user/login,435,0,1
1599952474882,492, login ,200,OK,user time Entries 1-2,text,true,,459,276,11,11,http://localhost:3000/api/user/login,492,0,0
1599952474932,536, login ,200,OK,user time Entries 1-3,text,true,,459,276,13,13,http://localhost:3000/api/user/login,536,0,0
1599952474982,586, login ,200,OK,user time Entries 1-4,text,true,,459,276,15,15,http://localhost:3000/api/user/login,586,0,1
1599952475032,632, login ,200,OK,user time Entries 1-5,text,true,,459,276,17,17,http://localhost:3000/api/user/login,632,0,0
1599952475084,678, login ,200,OK,user time Entries 1-6,text,true,,459,276,19,19,http://localhost:3000/api/user/login,678,0,1
1599952475133,731, login ,200,OK,user time Entries 1-7,text,true,,459,276,21,21,http://localhost:3000/api/user/login,731,0,1
1599952475183,779, login ,200,OK,user time Entries 1-8,text,true,,459,276,23,23,http://localhost:3000/api/user/login,779,0,0
1599952475233,842, login ,200,OK,user time Entries 1-9,text,true,,459,276,25,25,http://localhost:3000/api/user/login,842,0,0
1599952475333,889, login ,200,OK,user time Entries 1-11,text,true,,459,276,28,28,http://localhost:3000/api/user/login,889,0,0
1599952475283,1033, login ,200,OK,user time Entries 1-10,text,true,,459,276,30,30,http://localhost:3000/api/user/login,1033,0,0
1599952475382,1027, login ,200,OK,user time Entries 1-12,text,true,,459,276,32,32,http://localhost:3000/api/user/login,1027,0,1
1599952475432,1071, login ,200,OK,user time Entries 1-13,text,true,,459,276,34,34,http://localhost:3000/api/user/login,1071,0,1
1599952475531,1080, login ,200,OK,user time Entries 1-15,text,true,,459,276,36,36,http://localhost:3000/api/user/login,1080,0,1
1599952475733,971, login ,200,OK,user time Entries 1-19,text,true,,459,276,38,38,http://localhost:3000/api/user/login,971,0,0
1599952475831,962, login ,200,OK,user time Entries 1-21,text,true,,459,276,40,40,http://localhost:3000/api/user/login,962,0,1
1599952475983,910, login ,200,OK,user time Entries 1-24,text,true,,459,276,42,42,http://localhost:3000/api/user/login,910,0,0
1599952475632,1351, login ,200,OK,user time Entries 1-17,text,true,,459,276,43,43,http://localhost:3000/api/user/login,1351,0,0
1599952475882,1193, login ,200,OK,user time Entries 1-22,text,true,,459,276,45,45,http://localhost:3000/api/user/login,1193,0,1
1599952475781,1413, login ,200,OK,user time Entries 1-20,text,true,,459,276,48,48,http://localhost:3000/api/user/login,1413,0,1
1599952475481,1821, login ,200,OK,user time Entries 1-14,text,true,,459,276,50,50,http://localhost:3000/api/user/login,1821,0,1
1599952475682,1719, login ,200,OK,user time Entries 1-18,text,true,,459,276,52,52,http://localhost:3000/api/user/login,1719,0,0
1599952475933,1556, login ,200,OK,user time Entries 1-23,text,true,,459,276,54,54,http://localhost:3000/api/user/login,1556,0,0
1599952476083,1499, login ,200,OK,user time Entries 1-26,text,true,,459,276,55,55,http://localhost:3000/api/user/login,1499,0,0
1599952475582,2137, login ,200,OK,user time Entries 1-16,text,true,,459,276,58,58,http://localhost:3000/api/user/login,2137,0,0
1599952476034,1787, login ,200,OK,user time Entries 1-25,text,true,,459,276,60,60,http://localhost:3000/api/user/login,1787,0,0
1599952476182,1740, login ,200,OK,user time Entries 1-28,text,true,,459,276,62,62,http://localhost:3000/api/user/login,1740,0,0
1599952476133,1948, login ,200,OK,user time Entries 1-27,text,true,,459,276,65,65,http://localhost:3000/api/user/login,1948,0,0
1599952476283,2129, login ,200,OK,user time Entries 1-30,text,true,,459,276,72,72,http://localhost:3000/api/user/login,2129,0,1
1599952475270,3145,add time entry,200,OK,user time Entries 1-1,text,true,,410,605,72,72,http://localhost:3000/api/userTimeEntry/addTimeEntry,3145,0,0
1599952476331,2181, login ,200,OK,user time Entries 1-31,text,true,,459,276,74,74,http://localhost:3000/api/user/login,2181,0,1
1599952476383,2227, login ,200,OK,user time Entries 1-32,text,true,,459,276,76,76,http://localhost:3000/api/user/login,2227,0,1
1599952476234,2487, login ,200,OK,user time Entries 1-29,text,true,,459,276,78,78,http://localhost:3000/api/user/login,2487,0,0
1599952476482,2337, login ,200,OK,user time Entries 1-34,text,true,,459,276,80,80,http://localhost:3000/api/user/login,2337,0,0
1599952476734,2212, login ,200,OK,user time Entries 1-39,text,true,,459,276,83,83,http://localhost:3000/api/user/login,2212,0,1
1599952476985,2058, login ,200,OK,user time Entries 1-44,text,true,,459,276,85,85,http://localhost:3000/api/user/login,2058,0,0
1599952477136,2018, login ,200,OK,user time Entries 1-47,text,true,,459,276,87,87,http://localhost:3000/api/user/login,2018,0,1
1599952477388,1856, login ,200,OK,user time Entries 1-52,text,true,,459,276,89,89,http://localhost:3000/api/user/login,1856,0,0
1599952477637,1707, login ,200,OK,user time Entries 1-57,text,true,,459,276,91,91,http://localhost:3000/api/user/login,1707,0,0
1599952477888,1552, login ,200,OK,user time Entries 1-62,text,true,,459,276,92,92,http://localhost:3000/api/user/login,1552,0,1
1599952478088,1456, login ,200,OK,user time Entries 1-66,text,true,,459,276,95,95,http://localhost:3000/api/user/login,1456,0,0
1599952475664,3908,add time entry,200,OK,user time Entries 1-5,text,true,,410,605,95,95,http://localhost:3000/api/userTimeEntry/addTimeEntry,3908,0,0
1599952475377,4201,add time entry,200,OK,user time Entries 1-2,text,true,,410,605,95,95,http://localhost:3000/api/userTimeEntry/addTimeEntry,4201,0,0
1599952476535,3184, login ,200,OK,user time Entries 1-35,text,true,,459,276,98,98,http://localhost:3000/api/user/login,3184,0,0
1599952476785,3043, login ,200,OK,user time Entries 1-40,text,true,,459,276,100,100,http://localhost:3000/api/user/login,3043,0,0
1599952477034,2887, login ,200,OK,user time Entries 1-45,text,true,,459,276,102,102,http://localhost:3000/api/user/login,2887,0,1
1599952477186,2830, login ,200,OK,user time Entries 1-48,text,true,,459,276,104,104,http://localhost:3000/api/user/login,2830,0,1
1599952477434,2671, login ,200,OK,user time Entries 1-53,text,true,,459,276,106,106,http://localhost:3000/api/user/login,2671,0,1
1599952477687,2507, login ,200,OK,user time Entries 1-58,text,true,,459,276,108,108,http://localhost:3000/api/user/login,2507,0,0
1599952477938,2346, login ,200,OK,user time Entries 1-63,text,true,,459,276,109,109,http://localhost:3000/api/user/login,2346,0,0
1599952478138,2243, login ,200,OK,user time Entries 1-67,text,true,,459,276,111,111,http://localhost:3000/api/user/login,2243,0,0
1599952476583,3922, login ,200,OK,user time Entries 1-36,text,true,,459,276,114,114,http://localhost:3000/api/user/login,3922,0,0
1599952476835,3763, login ,200,OK,user time Entries 1-41,text,true,,459,276,116,116,http://localhost:3000/api/user/login,3763,0,0
1599952477086,3605, login ,200,OK,user time Entries 1-46,text,true,,459,276,118,118,http://localhost:3000/api/user/login,3605,0,1
1599952476433,4376, login ,200,OK,user time Entries 1-33,text,true,,459,276,120,120,http://localhost:3000/api/user/login,4376,0,0
1599952476635,4277, login ,200,OK,user time Entries 1-37,text,true,,459,276,122,122,http://localhost:3000/api/user/login,4277,0,0
1599952476885,4119, login ,200,OK,user time Entries 1-42,text,true,,459,276,124,124,http://localhost:3000/api/user/login,4119,0,0
1599952476683,4440, login ,200,OK,user time Entries 1-38,text,true,,459,276,126,126,http://localhost:3000/api/user/login,4440,0,1
1599952476935,4278, login ,200,OK,user time Entries 1-43,text,true,,459,276,128,128,http://localhost:3000/api/user/login,4278,0,0
1599952475864,5376,add time entry,200,OK,user time Entries 1-7,text,true,,410,605,129,129,http://localhost:3000/api/userTimeEntry/addTimeEntry,5376,0,0
1599952477338,3997, login ,200,OK,user time Entries 1-51,text,true,,459,276,130,130,http://localhost:3000/api/user/login,3997,0,0
1599952477587,3845, login ,200,OK,user time Entries 1-56,text,true,,459,276,132,132,http://localhost:3000/api/user/login,3845,0,0
1599952477837,3690, login ,200,OK,user time Entries 1-61,text,true,,459,276,134,134,http://localhost:3000/api/user/login,3690,0,1
1599952478038,3594, login ,200,OK,user time Entries 1-65,text,true,,459,276,136,136,http://localhost:3000/api/user/login,3594,0,0
1599952478287,3444, login ,200,OK,user time Entries 1-70,text,true,,459,276,138,138,http://localhost:3000/api/user/login,3444,0,1
1599952478388,3437, login ,200,OK,user time Entries 1-72,text,true,,459,276,140,140,http://localhost:3000/api/user/login,3437,0,1
1599952478488,3434, login ,200,OK,user time Entries 1-74,text,true,,459,276,142,142,http://localhost:3000/api/user/login,3434,0,0
1599952475568,6378,add time entry,200,OK,user time Entries 1-4,text,true,,410,605,143,143,http://localhost:3000/api/userTimeEntry/addTimeEntry,6378,0,0
1599952475468,6493,add time entry,200,OK,user time Entries 1-3,text,true,,410,605,143,143,http://localhost:3000/api/userTimeEntry/addTimeEntry,6493,0,0
1599952475762,6202,add time entry,200,OK,user time Entries 1-6,text,true,,410,605,143,143,http://localhost:3000/api/userTimeEntry/addTimeEntry,6202,0,0
1599952477288,4803, login ,200,OK,user time Entries 1-50,text,true,,459,276,146,146,http://localhost:3000/api/user/login,4803,0,0
1599952477536,4646, login ,200,OK,user time Entries 1-55,text,true,,459,276,147,147,http://localhost:3000/api/user/login,4646,0,1
1599952477788,4488, login ,200,OK,user time Entries 1-60,text,true,,459,276,149,149,http://localhost:3000/api/user/login,4488,0,0
1599952477988,4393, login ,200,OK,user time Entries 1-64,text,true,,459,276,151,151,http://localhost:3000/api/user/login,4393,0,0
1599952478239,4236, login ,200,OK,user time Entries 1-69,text,true,,459,276,153,153,http://localhost:3000/api/user/login,4236,0,0
1599952478338,4230, login ,200,OK,user time Entries 1-71,text,true,,459,276,155,155,http://localhost:3000/api/user/login,4230,0,1
1599952478439,4247, login ,200,OK,user time Entries 1-73,text,true,,459,276,157,157,http://localhost:3000/api/user/login,4247,0,0
1599952477232,5549, login ,200,OK,user time Entries 1-49,text,true,,459,276,159,159,http://localhost:3000/api/user/login,5549,0,0
1599952477487,5386, login ,200,OK,user time Entries 1-54,text,true,,459,276,161,161,http://localhost:3000/api/user/login,5386,0,1
1599952477737,5229, login ,200,OK,user time Entries 1-59,text,true,,459,276,163,163,http://localhost:3000/api/user/login,5229,0,0
1599952478188,4877, login ,200,OK,user time Entries 1-68,text,true,,459,276,165,165,http://localhost:3000/api/user/login,4877,0,0
1599952478834,4356, login ,200,OK,user time Entries 1-81,text,true,,459,276,168,168,http://localhost:3000/api/user/login,4356,0,0
1599952478538,4746, login ,200,OK,user time Entries 1-75,text,true,,459,276,169,169,http://localhost:3000/api/user/login,4746,0,0
1599952478738,4641, login ,200,OK,user time Entries 1-79,text,true,,459,276,171,171,http://localhost:3000/api/user/login,4641,0,1
1599952478587,4890, login ,200,OK,user time Entries 1-76,text,true,,459,276,173,173,http://localhost:3000/api/user/login,4890,0,1
1599952478782,4806, login ,200,OK,user time Entries 1-80,text,true,,459,276,176,176,http://localhost:3000/api/user/login,4806,0,1
1599952479042,4643, login ,200,OK,user time Entries 1-85,text,true,,459,276,177,177,http://localhost:3000/api/user/login,4643,0,1
1599952476075,7641,add time entry,200,OK,user time Entries 1-9,text,true,,410,605,178,178,http://localhost:3000/api/userTimeEntry/addTimeEntry,7641,0,0
1599952478688,5163, login ,200,OK,user time Entries 1-78,text,true,,459,276,181,181,http://localhost:3000/api/user/login,5163,0,1
1599952478942,5007, login ,200,OK,user time Entries 1-83,text,true,,459,276,183,183,http://localhost:3000/api/user/login,5007,0,0
1599952479142,4923, login ,200,OK,user time Entries 1-87,text,true,,459,276,185,185,http://localhost:3000/api/user/login,4923,0,1
1599952479392,4775, login ,200,OK,user time Entries 1-92,text,true,,459,276,187,187,http://localhost:3000/api/user/login,4775,0,1
1599952478637,5676, login ,200,OK,user time Entries 1-77,text,true,,459,276,190,190,http://localhost:3000/api/user/login,5676,0,1
1599952478893,5510, login ,200,OK,user time Entries 1-82,text,true,,459,276,192,192,http://localhost:3000/api/user/login,5510,0,0
1599952479092,5402, login ,200,OK,user time Entries 1-86,text,true,,459,276,194,194,http://localhost:3000/api/user/login,5402,0,1
1599952479342,5247, login ,200,OK,user time Entries 1-91,text,true,,459,276,196,196,http://localhost:3000/api/user/login,5247,0,1
1599952479292,5450, login ,200,OK,user time Entries 1-90,text,true,,459,276,199,199,http://localhost:3000/api/user/login,5450,0,0
1599952479535,5300, login ,200,OK,user time Entries 1-95,text,true,,459,276,200,200,http://localhost:3000/api/user/login,5300,0,1
1599952475963,8919,add time entry,200,OK,user time Entries 1-8,text,true,,410,605,200,200,http://localhost:3000/api/userTimeEntry/addTimeEntry,8919,0,0
1599952476316,8579,add time entry,200,OK,user time Entries 1-10,text,true,,410,605,200,200,http://localhost:3000/api/userTimeEntry/addTimeEntry,8579,0,0
1599952478986,6084, login ,200,OK,user time Entries 1-84,text,true,,459,276,200,200,http://localhost:3000/api/user/login,6084,0,1
1599952479192,5968, login ,200,OK,user time Entries 1-88,text,true,,459,276,200,200,http://localhost:3000/api/user/login,5968,0,1
1599952479441,5807, login ,200,OK,user time Entries 1-93,text,true,,459,276,200,200,http://localhost:3000/api/user/login,5807,0,1
1599952479642,5750, login ,200,OK,user time Entries 1-97,text,true,,459,276,200,200,http://localhost:3000/api/user/login,5750,0,0
1599952479885,5596, login ,200,OK,user time Entries 1-102,text,true,,459,276,200,200,http://localhost:3000/api/user/login,5596,0,1
1599952480135,5434, login ,200,OK,user time Entries 1-107,text,true,,459,276,200,200,http://localhost:3000/api/user/login,5434,0,1
1599952480386,5272, login ,200,OK,user time Entries 1-112,text,true,,459,276,200,200,http://localhost:3000/api/user/login,5272,0,0
1599952480636,5112, login ,200,OK,user time Entries 1-117,text,true,,459,276,200,200,http://localhost:3000/api/user/login,5112,0,0
1599952480885,4950, login ,200,OK,user time Entries 1-122,text,true,,459,276,200,200,http://localhost:3000/api/user/login,4950,0,1
1599952479242,6680, login ,200,OK,user time Entries 1-89,text,true,,459,276,200,200,http://localhost:3000/api/user/login,6680,0,0
1599952479492,6517, login ,200,OK,user time Entries 1-94,text,true,,459,276,200,200,http://localhost:3000/api/user/login,6517,0,0
1599952476503,9560,add time entry,200,OK,user time Entries 1-13,text,true,,410,605,200,200,http://localhost:3000/api/userTimeEntry/addTimeEntry,9560,0,0
1599952476222,9842,add time entry,200,OK,user time Entries 1-11,text,true,,410,605,200,200,http://localhost:3000/api/userTimeEntry/addTimeEntry,9842,0,0
1599952476983,9084,add time entry,200,OK,user time Entries 1-17,text,true,,410,605,200,200,http://localhost:3000/api/userTimeEntry/addTimeEntry,9084,0,0
1599952477582,8486,add time entry,200,OK,user time Entries 1-26,text,true,,410,605,200,200,http://localhost:3000/api/userTimeEntry/addTimeEntry,8486,0,0
1599952477820,8259,add time entry,200,OK,user time Entries 1-25,text,true,,410,605,200,200,http://localhost:3000/api/userTimeEntry/addTimeEntry,8259,0,0
1599952476409,9690,add time entry,200,OK,user time Entries 1-12,text,true,,410,605,200,200,http://localhost:3000/api/userTimeEntry/addTimeEntry,9690,0,0
1599952477401,8699,add time entry,200,OK,user time Entries 1-18,text,true,,410,605,200,200,http://localhost:3000/api/userTimeEntry/addTimeEntry,8699,0,0
1599952477921,8189,add time entry,200,OK,user time Entries 1-28,text,true,,410,605,200,200,http://localhost:3000/api/userTimeEntry/addTimeEntry,8189,0,0
1599952479735,6487, login ,200,OK,user time Entries 1-99,text,true,,459,276,200,200,http://localhost:3000/api/user/login,6487,0,1
1599952479986,6333, login ,200,OK,user time Entries 1-104,text,true,,459,276,200,200,http://localhost:3000/api/user/login,6333,0,0
1599952480236,6173, login ,200,OK,user time Entries 1-109,text,true,,459,276,200,200,http://localhost:3000/api/user/login,6173,0,1
1599952480485,6015, login ,200,OK,user time Entries 1-114,text,true,,459,276,200,200,http://localhost:3000/api/user/login,6015,0,1
1599952480736,5851, login ,200,OK,user time Entries 1-119,text,true,,459,276,200,200,http://localhost:3000/api/user/login,5851,0,0
1599952480985,5691, login ,200,OK,user time Entries 1-124,text,true,,459,276,200,200,http://localhost:3000/api/user/login,5691,0,1
1599952481237,5552, login ,200,OK,user time Entries 1-129,text,true,,459,276,200,200,http://localhost:3000/api/user/login,5552,0,1
1599952481484,5395, login ,200,OK,user time Entries 1-134,text,true,,459,276,200,200,http://localhost:3000/api/user/login,5395,0,0
1599952481738,5230, login ,200,OK,user time Entries 1-139,text,true,,459,276,200,200,http://localhost:3000/api/user/login,5229,0,0
1599952479791,7283, login ,200,OK,user time Entries 1-100,text,true,,459,276,200,200,http://localhost:3000/api/user/login,7283,0,1
1599952480036,7127, login ,200,OK,user time Entries 1-105,text,true,,459,276,200,200,http://localhost:3000/api/user/login,7127,0,0
1599952480291,6961, login ,200,OK,user time Entries 1-110,text,true,,459,276,200,200,http://localhost:3000/api/user/login,6961,0,1
1599952480534,6807, login ,200,OK,user time Entries 1-115,text,true,,459,276,200,200,http://localhost:3000/api/user/login,6807,0,1
1599952480787,6641, login ,200,OK,user time Entries 1-120,text,true,,459,276,200,200,http://localhost:3000/api/user/login,6641,0,0
1599952481035,6480, login ,200,OK,user time Entries 1-125,text,true,,459,276,200,200,http://localhost:3000/api/user/login,6480,0,1
1599952481288,6315, login ,200,OK,user time Entries 1-130,text,true,,459,276,200,200,http://localhost:3000/api/user/login,6315,0,1
1599952481537,6155, login ,200,OK,user time Entries 1-135,text,true,,459,276,200,200,http://localhost:3000/api/user/login,6155,0,0
1599952481788,5996, login ,200,OK,user time Entries 1-140,text,true,,459,276,200,200,http://localhost:3000/api/user/login,5996,0,0
1599952479591,8307, login ,200,OK,user time Entries 1-96,text,true,,459,276,200,200,http://localhost:3000/api/user/login,8307,0,1
1599952479842,8145, login ,200,OK,user time Entries 1-101,text,true,,459,276,200,200,http://localhost:3000/api/user/login,8145,0,1
1599952480086,7988, login ,200,OK,user time Entries 1-106,text,true,,459,276,200,200,http://localhost:3000/api/user/login,7988,0,0
1599952480336,7832, login ,200,OK,user time Entries 1-111,text,true,,459,276,200,200,http://localhost:3000/api/user/login,7832,0,0
1599952480585,7672, login ,200,OK,user time Entries 1-116,text,true,,459,276,200,200,http://localhost:3000/api/user/login,7672,0,1
1599952480837,7506, login ,200,OK,user time Entries 1-121,text,true,,459,276,200,200,http://localhost:3000/api/user/login,7506,0,0
1599952481088,7343, login ,200,OK,user time Entries 1-126,text,true,,459,276,200,200,http://localhost:3000/api/user/login,7342,0,0
1599952481338,7181, login ,200,OK,user time Entries 1-131,text,true,,459,276,200,200,http://localhost:3000/api/user/login,7181,0,1
1599952481587,7024, login ,200,OK,user time Entries 1-136,text,true,,459,276,200,200,http://localhost:3000/api/user/login,7024,0,1
1599952481837,6867, login ,200,OK,user time Entries 1-141,text,true,,459,276,200,200,http://localhost:3000/api/user/login,6867,0,0
1599952481139,7658, login ,200,OK,user time Entries 1-127,text,true,,459,276,200,200,http://localhost:3000/api/user/login,7658,0,0
1599952481388,7509, login ,200,OK,user time Entries 1-132,text,true,,459,276,200,200,http://localhost:3000/api/user/login,7509,0,0
1599952481638,7345, login ,200,OK,user time Entries 1-137,text,true,,459,276,200,200,http://localhost:3000/api/user/login,7345,0,1
1599952481888,7183, login ,200,OK,user time Entries 1-142,text,true,,459,276,200,200,http://localhost:3000/api/user/login,7183,0,0
1599952477490,11639,add time entry,200,OK,user time Entries 1-23,text,true,,410,605,200,200,http://localhost:3000/api/userTimeEntry/addTimeEntry,11639,0,0
1599952476894,12237,add time entry,200,OK,user time Entries 1-24,text,true,,410,605,200,200,http://localhost:3000/api/userTimeEntry/addTimeEntry,12236,0,0
1599952477075,12058,add time entry,200,OK,user time Entries 1-22,text,true,,410,605,200,200,http://localhost:3000/api/userTimeEntry/addTimeEntry,12058,0,0
1599952476705,12428,add time entry,200,OK,user time Entries 1-19,text,true,,410,605,200,200,http://localhost:3000/api/userTimeEntry/addTimeEntry,12428,0,0
1599952479693,9541, login ,200,OK,user time Entries 1-98,text,true,,459,276,200,200,http://localhost:3000/api/user/login,9541,0,0
1599952479935,9390, login ,200,OK,user time Entries 1-103,text,true,,459,276,200,200,http://localhost:3000/api/user/login,9390,0,1
1599952480185,9229, login ,200,OK,user time Entries 1-108,text,true,,459,276,200,200,http://localhost:3000/api/user/login,9229,0,1
1599952480436,9068, login ,200,OK,user time Entries 1-113,text,true,,459,276,200,200,http://localhost:3000/api/user/login,9068,0,0
1599952480686,8907, login ,200,OK,user time Entries 1-118,text,true,,459,276,200,200,http://localhost:3000/api/user/login,8907,0,0
1599952480935,8747, login ,200,OK,user time Entries 1-123,text,true,,459,276,200,200,http://localhost:3000/api/user/login,8747,0,1
1599952481184,8591, login ,200,OK,user time Entries 1-128,text,true,,459,276,200,200,http://localhost:3000/api/user/login,8591,0,0
1599952481438,8427, login ,200,OK,user time Entries 1-133,text,true,,459,276,200,200,http://localhost:3000/api/user/login,8427,0,0
1599952481688,8265, login ,200,OK,user time Entries 1-138,text,true,,459,276,200,200,http://localhost:3000/api/user/login,8265,0,1
1599952481938,8103, login ,200,OK,user time Entries 1-143,text,true,,459,276,200,200,http://localhost:3000/api/user/login,8103,0,0
1599952477302,12756,add time entry,200,OK,user time Entries 1-14,text,true,,410,605,200,200,http://localhost:3000/api/userTimeEntry/addTimeEntry,12756,0,0
1599952476611,13447,add time entry,200,OK,user time Entries 1-15,text,true,,410,605,200,200,http://localhost:3000/api/userTimeEntry/addTimeEntry,13447,0,0
1599952476793,13269,add time entry,200,OK,user time Entries 1-21,text,true,,410,605,200,200,http://localhost:3000/api/userTimeEntry/addTimeEntry,13269,0,0
1599952482137,8045, login ,200,OK,user time Entries 1-147,text,true,,459,276,200,200,http://localhost:3000/api/user/login,8045,0,0
1599952482038,8232, login ,200,OK,user time Entries 1-145,text,true,,459,276,200,200,http://localhost:3000/api/user/login,8232,0,1
1599952482232,8127, login ,200,OK,user time Entries 1-149,text,true,,459,276,200,200,http://localhost:3000/api/user/login,8127,0,0
1599952482435,8011, login ,200,OK,user time Entries 1-153,text,true,,459,276,200,200,http://localhost:3000/api/user/login,8011,0,1
1599952481987,8546, login ,200,OK,user time Entries 1-144,text,true,,459,276,200,200,http://localhost:3000/api/user/login,8546,0,1
1599952482187,8432, login ,200,OK,user time Entries 1-148,text,true,,459,276,200,200,http://localhost:3000/api/user/login,8432,0,0
1599952482385,8328, login ,200,OK,user time Entries 1-152,text,true,,459,276,200,200,http://localhost:3000/api/user/login,8328,0,1
1599952482088,8729, login ,200,OK,user time Entries 1-146,text,true,,459,276,200,200,http://localhost:3000/api/user/login,8729,0,1
1599952482288,8617, login ,200,OK,user time Entries 1-150,text,true,,459,276,200,200,http://localhost:3000/api/user/login,8617,0,0
1599952482486,8506, login ,200,OK,user time Entries 1-154,text,true,,459,276,200,200,http://localhost:3000/api/user/login,8506,0,1
1599952482687,8395, login ,200,OK,user time Entries 1-158,text,true,,459,276,200,200,http://localhost:3000/api/user/login,8395,0,0
1599952482887,8283, login ,200,OK,user time Entries 1-162,text,true,,459,276,200,200,http://localhost:3000/api/user/login,8283,0,0
1599952483086,8172, login ,200,OK,user time Entries 1-166,text,true,,459,276,200,200,http://localhost:3000/api/user/login,8172,0,1
1599952483287,8058, login ,200,OK,user time Entries 1-170,text,true,,459,276,200,200,http://localhost:3000/api/user/login,8058,0,0
1599952482333,9099, login ,200,OK,user time Entries 1-151,text,true,,459,276,200,200,http://localhost:3000/api/user/login,9099,0,0
1599952482536,8992, login ,200,OK,user time Entries 1-155,text,true,,459,276,200,200,http://localhost:3000/api/user/login,8992,0,0
1599952482737,8878, login ,200,OK,user time Entries 1-159,text,true,,459,276,200,200,http://localhost:3000/api/user/login,8878,0,1
1599952482937,8769, login ,200,OK,user time Entries 1-163,text,true,,459,276,200,200,http://localhost:3000/api/user/login,8769,0,0
1599952483135,8659, login ,200,OK,user time Entries 1-167,text,true,,459,276,200,200,http://localhost:3000/api/user/login,8659,0,1
1599952483337,8543, login ,200,OK,user time Entries 1-171,text,true,,459,276,200,200,http://localhost:3000/api/user/login,8543,0,0
1599952477719,14177,add time entry,200,OK,user time Entries 1-16,text,true,,410,605,200,200,http://localhost:3000/api/userTimeEntry/addTimeEntry,14177,0,0
1599952479042,12854,add time entry,200,OK,user time Entries 1-44,text,true,,410,605,200,200,http://localhost:3000/api/userTimeEntry/addTimeEntry,12854,0,0
1599952482586,9412, login ,200,OK,user time Entries 1-156,text,true,,459,276,200,200,http://localhost:3000/api/user/login,9412,0,0
1599952482786,9313, login ,200,OK,user time Entries 1-160,text,true,,459,276,200,200,http://localhost:3000/api/user/login,9313,0,1
1599952482986,9206, login ,200,OK,user time Entries 1-164,text,true,,459,276,200,200,http://localhost:3000/api/user/login,9206,0,0
1599952483186,9101, login ,200,OK,user time Entries 1-168,text,true,,459,276,200,200,http://localhost:3000/api/user/login,9101,0,1
1599952483387,8987, login ,200,OK,user time Entries 1-172,text,true,,459,276,200,200,http://localhost:3000/api/user/login,8987,0,0
1599952483686,8905, login ,200,OK,user time Entries 1-178,text,true,,459,276,200,200,http://localhost:3000/api/user/login,8905,0,0
1599952483885,8793, login ,200,OK,user time Entries 1-182,text,true,,459,276,200,200,http://localhost:3000/api/user/login,8793,0,1
1599952484084,8686, login ,200,OK,user time Entries 1-186,text,true,,459,276,200,200,http://localhost:3000/api/user/login,8686,0,0
1599952482637,10221, login ,200,OK,user time Entries 1-157,text,true,,459,276,200,200,http://localhost:3000/api/user/login,10221,0,0
1599952482836,10110, login ,200,OK,user time Entries 1-161,text,true,,459,276,200,200,http://localhost:3000/api/user/login,10110,0,1
1599952483037,9997, login ,200,OK,user time Entries 1-165,text,true,,459,276,200,200,http://localhost:3000/api/user/login,9996,0,0
1599952483236,9888, login ,200,OK,user time Entries 1-169,text,true,,459,276,200,200,http://localhost:3000/api/user/login,9888,0,0
1599952483435,9775, login ,200,OK,user time Entries 1-173,text,true,,459,276,200,200,http://localhost:3000/api/user/login,9775,0,0
1599952483736,9611, login ,200,OK,user time Entries 1-179,text,true,,459,276,200,200,http://localhost:3000/api/user/login,9611,0,0
1599952483935,9502, login ,200,OK,user time Entries 1-183,text,true,,459,276,200,200,http://localhost:3000/api/user/login,9502,0,1
1599952484134,9391, login ,200,OK,user time Entries 1-187,text,true,,459,276,200,200,http://localhost:3000/api/user/login,9391,0,0
1599952484333,9280, login ,200,OK,user time Entries 1-191,text,true,,459,276,200,200,http://localhost:3000/api/user/login,9280,0,1
1599952484532,9173, login ,200,OK,user time Entries 1-195,text,true,,459,276,200,200,http://localhost:3000/api/user/login,9173,0,0
1599952484733,9060, login ,200,OK,user time Entries 1-199,text,true,,459,276,200,200,http://localhost:3000/api/user/login,9060,0,0
1599952478945,14857,add time entry,200,OK,user time Entries 1-39,text,true,,410,605,200,200,http://localhost:3000/api/userTimeEntry/addTimeEntry,14857,0,0
1599952477195,16610,add time entry,200,OK,user time Entries 1-20,text,true,,410,605,200,200,http://localhost:3000/api/userTimeEntry/addTimeEntry,16610,0,0
1599952478511,15310,add time entry,200,OK,user time Entries 1-31,text,true,,410,605,200,200,http://localhost:3000/api/userTimeEntry/addTimeEntry,15310,0,0
1599952483535,10438, login ,200,OK,user time Entries 1-175,text,true,,459,276,200,200,http://localhost:3000/api/user/login,10438,0,1
1599952483635,10520, login ,200,OK,user time Entries 1-177,text,true,,459,276,200,200,http://localhost:3000/api/user/login,10520,0,0
1599952483835,10408, login ,200,OK,user time Entries 1-181,text,true,,459,276,200,200,http://localhost:3000/api/user/login,10408,0,0
1599952484034,10299, login ,200,OK,user time Entries 1-185,text,true,,459,276,200,200,http://localhost:3000/api/user/login,10299,0,0
1599952484233,10188, login ,200,OK,user time Entries 1-189,text,true,,459,276,200,200,http://localhost:3000/api/user/login,10188,0,1
1599952484433,10075, login ,200,OK,user time Entries 1-193,text,true,,459,276,200,200,http://localhost:3000/api/user/login,10075,0,0
1599952484631,9964, login ,200,OK,user time Entries 1-197,text,true,,459,276,200,200,http://localhost:3000/api/user/login,9964,0,1
1599952483485,11274, login ,200,OK,user time Entries 1-174,text,true,,459,276,200,200,http://localhost:3000/api/user/login,11274,0,1
1599952483585,11309, login ,200,OK,user time Entries 1-176,text,true,,459,276,200,200,http://localhost:3000/api/user/login,11309,0,1
1599952483785,11197, login ,200,OK,user time Entries 1-180,text,true,,459,276,200,200,http://localhost:3000/api/user/login,11197,0,0
1599952483984,11087, login ,200,OK,user time Entries 1-184,text,true,,459,276,200,200,http://localhost:3000/api/user/login,11087,0,1
1599952484184,10973, login ,200,OK,user time Entries 1-188,text,true,,459,276,200,200,http://localhost:3000/api/user/login,10973,0,0
1599952484383,10861, login ,200,OK,user time Entries 1-192,text,true,,459,276,200,200,http://localhost:3000/api/user/login,10861,0,0
1599952484581,10749, login ,200,OK,user time Entries 1-196,text,true,,459,276,200,200,http://localhost:3000/api/user/login,10749,0,1
1599952484783,10634, login ,200,OK,user time Entries 1-200,text,true,,459,276,200,200,http://localhost:3000/api/user/login,10634,0,0
1599952478415,17025,update time entry desription,200,OK,user time Entries 1-1,text,true,,289,481,200,200,http://localhost:3000/api/userTimeEntry/updateTimeEntry,17025,0,0
1599952481003,14446,add time entry,200,OK,user time Entries 1-42,text,true,,410,605,199,199,http://localhost:3000/api/userTimeEntry/addTimeEntry,14446,0,0
1599952479577,15872,update time entry desription,200,OK,user time Entries 1-2,text,true,,289,481,199,199,http://localhost:3000/api/userTimeEntry/updateTimeEntry,15872,0,0
1599952479921,15529,add time entry,200,OK,user time Entries 1-45,text,true,,410,605,198,198,http://localhost:3000/api/userTimeEntry/addTimeEntry,15529,0,0
1599952478609,16915,add time entry,200,OK,user time Entries 1-32,text,true,,410,605,198,198,http://localhost:3000/api/userTimeEntry/addTimeEntry,16915,0,0
1599952480912,14613,add time entry,200,OK,user time Entries 1-37,text,true,,410,605,198,198,http://localhost:3000/api/userTimeEntry/addTimeEntry,14613,0,0
1599952479544,15981,add time entry,200,OK,user time Entries 1-66,text,true,,410,605,198,198,http://localhost:3000/api/userTimeEntry/addTimeEntry,15981,0,0
1599952479571,15954,update time entry desription,200,OK,user time Entries 1-5,text,true,,289,481,198,198,http://localhost:3000/api/userTimeEntry/updateTimeEntry,15954,0,0
1599952484282,11609, login ,200,OK,user time Entries 1-190,text,true,,459,276,197,197,http://localhost:3000/api/user/login,11609,0,1
1599952484483,11504, login ,200,OK,user time Entries 1-194,text,true,,459,276,197,197,http://localhost:3000/api/user/login,11504,0,0
1599952484683,11395, login ,200,OK,user time Entries 1-198,text,true,,459,276,197,197,http://localhost:3000/api/user/login,11395,0,1
1599952480504,15735,add time entry,200,OK,user time Entries 1-36,text,true,,410,605,197,197,http://localhost:3000/api/userTimeEntry/addTimeEntry,15735,0,0
1599952478720,17527,add time entry,200,OK,user time Entries 1-29,text,true,,410,605,197,197,http://localhost:3000/api/userTimeEntry/addTimeEntry,17527,0,0
1599952480597,15651,add time entry,200,OK,user time Entries 1-41,text,true,,410,605,197,197,http://localhost:3000/api/userTimeEntry/addTimeEntry,15651,0,0
1599952478818,17563,add time entry,200,OK,user time Entries 1-34,text,true,,410,605,197,197,http://localhost:3000/api/userTimeEntry/addTimeEntry,17563,0,0
1599952479718,16664,add time entry,200,OK,user time Entries 1-35,text,true,,410,605,197,197,http://localhost:3000/api/userTimeEntry/addTimeEntry,16664,0,0
1599952480105,16281,add time entry,200,OK,user time Entries 1-53,text,true,,410,605,197,197,http://localhost:3000/api/userTimeEntry/addTimeEntry,16281,0,0
1599952479244,17142,add time entry,200,OK,user time Entries 1-52,text,true,,410,605,197,197,http://localhost:3000/api/userTimeEntry/addTimeEntry,17142,0,0
1599952478412,17978,add time entry,200,OK,user time Entries 1-30,text,true,,410,605,197,197,http://localhost:3000/api/userTimeEntry/addTimeEntry,17978,0,0
1599952479344,17048,add time entry,200,OK,user time Entries 1-57,text,true,,410,605,197,197,http://localhost:3000/api/userTimeEntry/addTimeEntry,17048,0,0
1599952478080,18489,add time entry,200,OK,user time Entries 1-27,text,true,,410,605,197,197,http://localhost:3000/api/userTimeEntry/addTimeEntry,18489,0,0
1599952479153,17548,add time entry,200,OK,user time Entries 1-47,text,true,,410,605,197,197,http://localhost:3000/api/userTimeEntry/addTimeEntry,17548,0,0
1599952480381,16320,add time entry,200,OK,user time Entries 1-67,text,true,,410,605,197,197,http://localhost:3000/api/userTimeEntry/addTimeEntry,16320,0,0
1599952479440,17291,add time entry,200,OK,user time Entries 1-62,text,true,,410,605,197,197,http://localhost:3000/api/userTimeEntry/addTimeEntry,17291,0,0
1599952481239,15495,update time entry desription,200,OK,user time Entries 1-7,text,true,,289,481,197,197,http://localhost:3000/api/userTimeEntry/updateTimeEntry,15495,0,0
1599952481122,15706,add time entry,200,OK,user time Entries 1-38,text,true,,410,605,196,196,http://localhost:3000/api/userTimeEntry/addTimeEntry,15706,0,0
1599952483065,14503,add time entry,200,OK,user time Entries 1-68,text,true,,410,605,196,196,http://localhost:3000/api/userTimeEntry/addTimeEntry,14503,0,0
1599952480284,17285,add time entry,200,OK,user time Entries 1-63,text,true,,410,605,196,196,http://localhost:3000/api/userTimeEntry/addTimeEntry,17285,0,0
1599952480015,17557,add time entry,200,OK,user time Entries 1-48,text,true,,410,605,196,196,http://localhost:3000/api/userTimeEntry/addTimeEntry,17557,0,0
1599952483588,14122,add time entry,200,OK,user time Entries 1-80,text,true,,410,605,196,196,http://localhost:3000/api/userTimeEntry/addTimeEntry,14122,0,0
1599952480809,16913,add time entry,200,OK,user time Entries 1-33,text,true,,410,605,196,196,http://localhost:3000/api/userTimeEntry/addTimeEntry,16913,0,0
1599952479827,17950,add time entry,200,OK,user time Entries 1-40,text,true,,410,605,196,196,http://localhost:3000/api/userTimeEntry/addTimeEntry,17950,0,0
1599952482569,15268,add time entry,200,OK,user time Entries 1-71,text,true,,410,605,196,196,http://localhost:3000/api/userTimeEntry/addTimeEntry,15268,0,0
1599952482872,14968,add time entry,200,OK,user time Entries 1-54,text,true,,410,605,196,196,http://localhost:3000/api/userTimeEntry/addTimeEntry,14968,0,0
1599952482475,15411,add time entry,200,OK,user time Entries 1-69,text,true,,410,605,196,196,http://localhost:3000/api/userTimeEntry/addTimeEntry,15411,0,0
1599952482966,14921,add time entry,200,OK,user time Entries 1-59,text,true,,410,605,196,196,http://localhost:3000/api/userTimeEntry/addTimeEntry,14921,0,0
1599952483284,14660,add time entry,200,OK,user time Entries 1-75,text,true,,410,605,196,196,http://localhost:3000/api/userTimeEntry/addTimeEntry,14660,0,0
1599952480195,17750,add time entry,200,OK,user time Entries 1-58,text,true,,410,605,196,196,http://localhost:3000/api/userTimeEntry/addTimeEntry,17750,0,0
1599952481212,16734,add time entry,200,OK,user time Entries 1-43,text,true,,410,605,196,196,http://localhost:3000/api/userTimeEntry/addTimeEntry,16734,0,0
1599952481527,16421,add time entry,200,OK,user time Entries 1-61,text,true,,410,605,196,196,http://localhost:3000/api/userTimeEntry/addTimeEntry,16421,0,0
1599952480690,17259,add time entry,200,OK,user time Entries 1-46,text,true,,410,605,196,196,http://localhost:3000/api/userTimeEntry/addTimeEntry,17259,0,0
1599952481433,16518,add time entry,200,OK,user time Entries 1-56,text,true,,410,605,196,196,http://localhost:3000/api/userTimeEntry/addTimeEntry,16518,0,0
1599952481922,16030,add time entry,200,OK,user time Entries 1-74,text,true,,410,605,196,196,http://localhost:3000/api/userTimeEntry/addTimeEntry,16030,0,0
1599952483379,15518,add time entry,200,OK,user time Entries 1-79,text,true,,410,605,196,196,http://localhost:3000/api/userTimeEntry/addTimeEntry,15518,0,0
1599952482686,16215,add time entry,200,OK,user time Entries 1-73,text,true,,410,605,196,196,http://localhost:3000/api/userTimeEntry/addTimeEntry,16215,0,0
1599952482182,16834,add time entry,200,OK,user time Entries 1-55,text,true,,410,605,196,196,http://localhost:3000/api/userTimeEntry/addTimeEntry,16834,0,0
1599952482381,16635,add time entry,200,OK,user time Entries 1-64,text,true,,410,605,196,196,http://localhost:3000/api/userTimeEntry/addTimeEntry,16635,0,0
1599952481632,17527,add time entry,200,OK,user time Entries 1-65,text,true,,410,605,196,196,http://localhost:3000/api/userTimeEntry/addTimeEntry,17527,0,0
1599952481960,17201,update time entry desription,200,OK,user time Entries 1-3,text,true,,289,481,196,196,http://localhost:3000/api/userTimeEntry/updateTimeEntry,17201,0,0
1599952482780,16493,add time entry,200,OK,user time Entries 1-49,text,true,,410,605,195,195,http://localhost:3000/api/userTimeEntry/addTimeEntry,16493,0,0
1599952481334,17940,add time entry,200,OK,user time Entries 1-51,text,true,,410,605,195,195,http://localhost:3000/api/userTimeEntry/addTimeEntry,17940,0,0
1599952481731,17550,add time entry,200,OK,user time Entries 1-70,text,true,,410,605,195,195,http://localhost:3000/api/userTimeEntry/addTimeEntry,17550,0,0
1599952482090,17192,add time entry,200,OK,user time Entries 1-50,text,true,,410,605,195,195,http://localhost:3000/api/userTimeEntry/addTimeEntry,17192,0,0
1599952481945,17485,update time entry desription,200,OK,user time Entries 1-4,text,true,,289,481,195,195,http://localhost:3000/api/userTimeEntry/updateTimeEntry,17485,0,0
1599952483477,16066,add time entry,200,OK,user time Entries 1-76,text,true,,410,605,194,194,http://localhost:3000/api/userTimeEntry/addTimeEntry,16066,0,0
1599952481825,17721,add time entry,200,OK,user time Entries 1-72,text,true,,410,605,194,194,http://localhost:3000/api/userTimeEntry/addTimeEntry,17721,0,0
1599952485070,14814,add time entry,200,OK,user time Entries 1-84,text,true,,410,605,194,194,http://localhost:3000/api/userTimeEntry/addTimeEntry,14814,0,0
1599952483851,16033,add time entry,200,OK,user time Entries 1-78,text,true,,410,605,194,194,http://localhost:3000/api/userTimeEntry/addTimeEntry,16033,0,0
1599952483685,16302,add time entry,200,OK,user time Entries 1-85,text,true,,410,605,194,194,http://localhost:3000/api/userTimeEntry/addTimeEntry,16302,0,0
1599952484494,15541,add time entry,200,OK,user time Entries 1-86,text,true,,410,605,194,194,http://localhost:3000/api/userTimeEntry/addTimeEntry,15541,0,0
1599952483190,16958,add time entry,200,OK,user time Entries 1-81,text,true,,410,605,194,194,http://localhost:3000/api/userTimeEntry/addTimeEntry,16958,0,0
1599952481963,18419,update time entry desription,200,OK,user time Entries 1-6,text,true,,289,481,194,194,http://localhost:3000/api/userTimeEntry/updateTimeEntry,18419,0,0
1599952484167,16217,add time entry,200,OK,user time Entries 1-92,text,true,,410,605,193,193,http://localhost:3000/api/userTimeEntry/addTimeEntry,16217,0,0
1599952483949,16697,add time entry,200,OK,user time Entries 1-83,text,true,,410,605,193,193,http://localhost:3000/api/userTimeEntry/addTimeEntry,16697,0,0
1599952485481,15568,add time entry,200,OK,user time Entries 1-102,text,true,,410,605,193,193,http://localhost:3000/api/userTimeEntry/addTimeEntry,15568,0,0
1599952484589,17034,add time entry,200,OK,user time Entries 1-91,text,true,,410,605,193,193,http://localhost:3000/api/userTimeEntry/addTimeEntry,17034,0,0
1599952482276,19699,add time entry,200,OK,user time Entries 1-60,text,true,,410,605,193,193,http://localhost:3000/api/userTimeEntry/addTimeEntry,19698,0,0
1599952485835,16174,add time entry,200,OK,user time Entries 1-122,text,true,,410,605,193,193,http://localhost:3000/api/userTimeEntry/addTimeEntry,16174,0,0
1599952483715,18619,update time entry desription,200,OK,user time Entries 1-9,text,true,,289,481,193,193,http://localhost:3000/api/userTimeEntry/updateTimeEntry,18619,0,0
1599952484835,18061,add time entry,200,OK,user time Entries 1-95,text,true,,410,605,192,192,http://localhost:3000/api/userTimeEntry/addTimeEntry,18061,0,0
1599952487341,15727,add time entry,200,OK,user time Entries 1-115,text,true,,410,605,192,192,http://localhost:3000/api/userTimeEntry/addTimeEntry,15727,0,0
1599952486063,17119,update time entry desription,200,OK,user time Entries 1-11,text,true,,289,481,192,192,http://localhost:3000/api/userTimeEntry/updateTimeEntry,17119,0,0
1599952489129,14054,update time entry desription,200,OK,user time Entries 1-23,text,true,,289,481,191,191,http://localhost:3000/api/userTimeEntry/updateTimeEntry,14054,0,0
1599952484894,18715,update time entry desription,200,OK,user time Entries 1-10,text,true,,289,481,190,190,http://localhost:3000/api/userTimeEntry/updateTimeEntry,18715,0,0
1599952486010,17936,add time entry,200,OK,user time Entries 1-94,text,true,,410,605,189,189,http://localhost:3000/api/userTimeEntry/addTimeEntry,17936,0,0
1599952490062,13892,update time entry desription,200,OK,user time Entries 1-21,text,true,,289,481,189,189,http://localhost:3000/api/userTimeEntry/updateTimeEntry,13892,0,0
1599952484065,20001,add time entry,200,OK,user time Entries 1-87,text,true,,410,605,188,188,http://localhost:3000/api/userTimeEntry/addTimeEntry,20001,0,0
1599952487988,16172,add time entry,200,OK,user time Entries 1-101,text,true,,410,605,188,188,http://localhost:3000/api/userTimeEntry/addTimeEntry,16172,0,0
1599952487074,17090,add time entry,200,OK,user time Entries 1-100,text,true,,410,605,188,188,http://localhost:3000/api/userTimeEntry/addTimeEntry,17090,0,0
1599952486676,17716,add time entry,200,OK,user time Entries 1-124,text,true,,410,605,188,188,http://localhost:3000/api/userTimeEntry/addTimeEntry,17716,0,0
1599952487428,17207,add time entry,200,OK,user time Entries 1-120,text,true,,410,605,188,188,http://localhost:3000/api/userTimeEntry/addTimeEntry,17207,0,0
1599952486111,18646,update time entry desription,200,OK,user time Entries 1-28,text,true,,289,481,188,188,http://localhost:3000/api/userTimeEntry/updateTimeEntry,18646,0,0
1599952484882,19959,update time entry desription,200,OK,user time Entries 1-8,text,true,,289,481,187,187,http://localhost:3000/api/userTimeEntry/updateTimeEntry,19959,0,0
1599952484313,20570,add time entry,200,OK,user time Entries 1-77,text,true,,410,605,186,186,http://localhost:3000/api/userTimeEntry/addTimeEntry,20570,0,0
1599952486968,17916,add time entry,200,OK,user time Entries 1-139,text,true,,410,605,186,186,http://localhost:3000/api/userTimeEntry/addTimeEntry,17916,0,0
1599952487252,17648,add time entry,200,OK,user time Entries 1-110,text,true,,410,605,186,186,http://localhost:3000/api/userTimeEntry/addTimeEntry,17648,0,0
1599952488520,16518,add time entry,200,OK,user time Entries 1-131,text,true,,410,605,186,186,http://localhost:3000/api/userTimeEntry/addTimeEntry,16518,0,0
1599952486098,18973,update time entry desription,200,OK,user time Entries 1-12,text,true,,289,481,186,186,http://localhost:3000/api/userTimeEntry/updateTimeEntry,18973,0,0
1599952485248,20029,add time entry,200,OK,user time Entries 1-93,text,true,,410,605,185,185,http://localhost:3000/api/userTimeEntry/addTimeEntry,20029,0,0
1599952485658,19620,add time entry,200,OK,user time Entries 1-112,text,true,,410,605,185,185,http://localhost:3000/api/userTimeEntry/addTimeEntry,19620,0,0
1599952485569,19713,add time entry,200,OK,user time Entries 1-107,text,true,,410,605,185,185,http://localhost:3000/api/userTimeEntry/addTimeEntry,19713,0,0
1599952487693,17633,add time entry,200,OK,user time Entries 1-135,text,true,,410,605,185,185,http://localhost:3000/api/userTimeEntry/addTimeEntry,17633,0,0
1599952484403,21044,add time entry,200,OK,user time Entries 1-82,text,true,,410,605,185,185,http://localhost:3000/api/userTimeEntry/addTimeEntry,21044,0,0
1599952489131,16336,update time entry desription,200,OK,user time Entries 1-24,text,true,,289,481,185,185,http://localhost:3000/api/userTimeEntry/updateTimeEntry,16336,0,0
1599952486079,19557,update time entry desription,200,OK,user time Entries 1-25,text,true,,289,481,184,184,http://localhost:3000/api/userTimeEntry/updateTimeEntry,19557,0,0
1599952485160,20526,add time entry,200,OK,user time Entries 1-88,text,true,,410,605,183,183,http://localhost:3000/api/userTimeEntry/addTimeEntry,20526,0,0
1599952487163,18524,add time entry,200,OK,user time Entries 1-105,text,true,,410,605,183,183,http://localhost:3000/api/userTimeEntry/addTimeEntry,18524,0,0
1599952486069,19618,update time entry desription,200,OK,user time Entries 1-26,text,true,,289,481,183,183,http://localhost:3000/api/userTimeEntry/updateTimeEntry,19618,0,0
1599952488612,17294,add time entry,200,OK,user time Entries 1-136,text,true,,410,605,182,182,http://localhost:3000/api/userTimeEntry/addTimeEntry,17294,0,0
1599952486066,19844,update time entry desription,200,OK,user time Entries 1-17,text,true,,289,481,182,182,http://localhost:3000/api/userTimeEntry/updateTimeEntry,19844,0,0
1599952490360,15664,add time entry,200,OK,user time Entries 1-149,text,true,,410,605,181,181,http://localhost:3000/api/userTimeEntry/addTimeEntry,15664,0,0
1599952485922,20156,add time entry,200,OK,user time Entries 1-89,text,true,,410,605,181,181,http://localhost:3000/api/userTimeEntry/addTimeEntry,20156,0,0
1599952489505,16574,add time entry,200,OK,user time Entries 1-113,text,true,,410,605,181,181,http://localhost:3000/api/userTimeEntry/addTimeEntry,16574,0,0
1599952489954,16126,add time entry,200,OK,user time Entries 1-138,text,true,,410,605,181,181,http://localhost:3000/api/userTimeEntry/addTimeEntry,16126,0,0
1599952488898,17182,add time entry,200,OK,user time Entries 1-132,text,true,,410,605,181,181,http://localhost:3000/api/userTimeEntry/addTimeEntry,17182,0,0
1599952488432,17649,add time entry,200,OK,user time Entries 1-126,text,true,,410,605,181,181,http://localhost:3000/api/userTimeEntry/addTimeEntry,17649,0,0
1599952487785,18351,add time entry,200,OK,user time Entries 1-140,text,true,,410,605,181,181,http://localhost:3000/api/userTimeEntry/addTimeEntry,18351,0,0
1599952486319,19834,add time entry,200,OK,user time Entries 1-104,text,true,,410,605,181,181,http://localhost:3000/api/userTimeEntry/addTimeEntry,19834,0,0
1599952488169,18041,add time entry,200,OK,user time Entries 1-111,text,true,,410,605,181,181,http://localhost:3000/api/userTimeEntry/addTimeEntry,18041,0,0
1599952488075,18136,add time entry,200,OK,user time Entries 1-106,text,true,,410,605,181,181,http://localhost:3000/api/userTimeEntry/addTimeEntry,18136,0,0
1599952489072,17328,add time entry,200,OK,user time Entries 1-142,text,true,,410,605,181,181,http://localhost:3000/api/userTimeEntry/addTimeEntry,17328,0,0
1599952489133,17269,update time entry desription,200,OK,user time Entries 1-19,text,true,,289,481,181,181,http://localhost:3000/api/userTimeEntry/updateTimeEntry,17269,0,0
1599952490818,15586,add time entry,200,OK,user time Entries 1-146,text,true,,410,605,180,180,http://localhost:3000/api/userTimeEntry/addTimeEntry,15586,0,0
1599952486790,19672,add time entry,200,OK,user time Entries 1-129,text,true,,410,605,180,180,http://localhost:3000/api/userTimeEntry/addTimeEntry,19672,0,0
1599952490058,16406,update time entry desription,200,OK,user time Entries 1-14,text,true,,289,481,180,180,http://localhost:3000/api/userTimeEntry/updateTimeEntry,16406,0,0
1599952486500,19963,add time entry,200,OK,user time Entries 1-114,text,true,,410,605,179,179,http://localhost:3000/api/userTimeEntry/addTimeEntry,19963,0,0
1599952487900,18565,add time entry,200,OK,user time Entries 1-96,text,true,,410,605,179,179,http://localhost:3000/api/userTimeEntry/addTimeEntry,18565,0,0
1599952489133,17333,update time entry desription,200,OK,user time Entries 1-22,text,true,,289,481,179,179,http://localhost:3000/api/userTimeEntry/updateTimeEntry,17333,0,0
1599952486062,20404,update time entry desription,200,OK,user time Entries 1-13,text,true,,289,481,178,178,http://localhost:3000/api/userTimeEntry/updateTimeEntry,20404,0,0
1599952488984,17484,add time entry,200,OK,user time Entries 1-137,text,true,,410,605,177,177,http://localhost:3000/api/userTimeEntry/addTimeEntry,17484,0,0
1599952490058,16413,update time entry desription,200,OK,user time Entries 1-15,text,true,,289,481,177,177,http://localhost:3000/api/userTimeEntry/updateTimeEntry,16413,0,0
1599952486470,20254,add time entry,200,OK,user time Entries 1-109,text,true,,410,605,176,176,http://localhost:3000/api/userTimeEntry/addTimeEntry,20254,0,0
1599952486587,20170,add time entry,200,OK,user time Entries 1-119,text,true,,410,605,176,176,http://localhost:3000/api/userTimeEntry/addTimeEntry,20170,0,0
1599952489866,16992,add time entry,200,OK,user time Entries 1-133,text,true,,410,605,176,176,http://localhost:3000/api/userTimeEntry/addTimeEntry,16992,0,0
1599952484742,22467,add time entry,200,OK,user time Entries 1-90,text,true,,410,605,176,176,http://localhost:3000/api/userTimeEntry/addTimeEntry,22467,0,0
1599952490714,16497,add time entry,200,OK,user time Entries 1-152,text,true,,410,605,176,176,http://localhost:3000/api/userTimeEntry/addTimeEntry,16497,0,0
1599952488798,18522,add time entry,200,OK,user time Entries 1-127,text,true,,410,605,176,176,http://localhost:3000/api/userTimeEntry/addTimeEntry,18522,0,0
1599952487604,19814,add time entry,200,OK,user time Entries 1-130,text,true,,410,605,176,176,http://localhost:3000/api/userTimeEntry/addTimeEntry,19814,0,0
1599952486222,21195,add time entry,200,OK,user time Entries 1-99,text,true,,410,605,176,176,http://localhost:3000/api/userTimeEntry/addTimeEntry,21195,0,0
1599952489415,18004,add time entry,200,OK,user time Entries 1-108,text,true,,410,605,176,176,http://localhost:3000/api/userTimeEntry/addTimeEntry,18004,0,0
1599952485392,22027,add time entry,200,OK,user time Entries 1-97,text,true,,410,605,176,176,http://localhost:3000/api/userTimeEntry/addTimeEntry,22027,0,0
1599952485748,21671,add time entry,200,OK,user time Entries 1-117,text,true,,410,605,176,176,http://localhost:3000/api/userTimeEntry/addTimeEntry,21671,0,0
1599952486099,21365,update time entry desription,200,OK,user time Entries 1-18,text,true,,289,481,176,176,http://localhost:3000/api/userTimeEntry/updateTimeEntry,21365,0,0
1599952490620,16845,add time entry,200,OK,user time Entries 1-148,text,true,,410,605,175,175,http://localhost:3000/api/userTimeEntry/addTimeEntry,16845,0,0
1599952488344,19122,add time entry,200,OK,user time Entries 1-121,text,true,,410,605,175,175,http://localhost:3000/api/userTimeEntry/addTimeEntry,19122,0,0
1599952489776,17690,add time entry,200,OK,user time Entries 1-128,text,true,,410,605,175,175,http://localhost:3000/api/userTimeEntry/addTimeEntry,17690,0,0
1599952486879,20590,add time entry,200,OK,user time Entries 1-134,text,true,,410,605,175,175,http://localhost:3000/api/userTimeEntry/addTimeEntry,20590,0,0
1599952488705,18765,add time entry,200,OK,user time Entries 1-141,text,true,,410,605,175,175,http://localhost:3000/api/userTimeEntry/addTimeEntry,18765,0,0
1599952488258,19214,add time entry,200,OK,user time Entries 1-116,text,true,,410,605,175,175,http://localhost:3000/api/userTimeEntry/addTimeEntry,19214,0,0
1599952489326,18253,add time entry,200,OK,user time Entries 1-103,text,true,,410,605,175,175,http://localhost:3000/api/userTimeEntry/addTimeEntry,18253,0,0
1599952487516,20217,add time entry,200,OK,user time Entries 1-125,text,true,,410,605,175,175,http://localhost:3000/api/userTimeEntry/addTimeEntry,20217,0,0
1599952489236,18538,add time entry,200,OK,user time Entries 1-98,text,true,,410,605,175,175,http://localhost:3000/api/userTimeEntry/addTimeEntry,18538,0,0
1599952491881,15893,add time entry,200,OK,user time Entries 1-171,text,true,,410,605,175,175,http://localhost:3000/api/userTimeEntry/addTimeEntry,15893,0,0
1599952489683,18217,add time entry,200,OK,user time Entries 1-123,text,true,,410,605,175,175,http://localhost:3000/api/userTimeEntry/addTimeEntry,18217,0,0
1599952491897,16025,update time entry desription,200,OK,user time Entries 1-44,text,true,,289,481,175,175,http://localhost:3000/api/userTimeEntry/updateTimeEntry,16025,0,0
1599952490534,17388,add time entry,200,OK,user time Entries 1-144,text,true,,410,605,174,174,http://localhost:3000/api/userTimeEntry/addTimeEntry,17388,0,0
1599952491707,16531,add time entry,200,OK,user time Entries 1-163,text,true,,410,605,174,174,http://localhost:3000/api/userTimeEntry/addTimeEntry,16531,0,0
1599952489594,18849,add time entry,200,OK,user time Entries 1-118,text,true,,410,605,174,174,http://localhost:3000/api/userTimeEntry/addTimeEntry,18849,0,0
1599952491259,17272,add time entry,200,OK,user time Entries 1-166,text,true,,410,605,174,174,http://localhost:3000/api/userTimeEntry/addTimeEntry,17272,0,0
1599952490447,18099,add time entry,200,OK,user time Entries 1-153,text,true,,410,605,174,174,http://localhost:3000/api/userTimeEntry/addTimeEntry,18099,0,0
1599952490993,17776,add time entry,200,OK,user time Entries 1-154,text,true,,410,605,174,174,http://localhost:3000/api/userTimeEntry/addTimeEntry,17776,0,0
1599952490042,18728,add time entry,200,OK,user time Entries 1-143,text,true,,410,605,174,174,http://localhost:3000/api/userTimeEntry/addTimeEntry,18728,0,0
1599952491999,17036,add time entry,200,OK,user time Entries 1-156,text,true,,410,605,174,174,http://localhost:3000/api/userTimeEntry/addTimeEntry,17036,0,0
1599952492193,16842,add time entry,200,OK,user time Entries 1-164,text,true,,410,605,174,174,http://localhost:3000/api/userTimeEntry/addTimeEntry,16842,0,0
1599952491084,17954,add time entry,200,OK,user time Entries 1-158,text,true,,410,605,174,174,http://localhost:3000/api/userTimeEntry/addTimeEntry,17954,0,0
1599952490272,18910,add time entry,200,OK,user time Entries 1-145,text,true,,410,605,174,174,http://localhost:3000/api/userTimeEntry/addTimeEntry,18910,0,0
1599952491897,17286,update time entry desription,200,OK,user time Entries 1-16,text,true,,289,481,174,174,http://localhost:3000/api/userTimeEntry/updateTimeEntry,17286,0,0
1599952492946,16264,add time entry,200,OK,user time Entries 1-161,text,true,,410,605,173,173,http://localhost:3000/api/userTimeEntry/addTimeEntry,16264,0,0
1599952491529,17818,add time entry,200,OK,user time Entries 1-155,text,true,,410,605,173,173,http://localhost:3000/api/userTimeEntry/addTimeEntry,17818,0,0
1599952493705,15642,add time entry,200,OK,user time Entries 1-195,text,true,,410,605,173,173,http://localhost:3000/api/userTimeEntry/addTimeEntry,15642,0,0
1599952490183,19172,add time entry,200,OK,user time Entries 1-147,text,true,,410,605,173,173,http://localhost:3000/api/userTimeEntry/addTimeEntry,19172,0,0
1599952491171,18185,add time entry,200,OK,user time Entries 1-162,text,true,,410,605,173,173,http://localhost:3000/api/userTimeEntry/addTimeEntry,18185,0,0
1599952493347,16008,add time entry,200,OK,user time Entries 1-179,text,true,,410,605,173,173,http://localhost:3000/api/userTimeEntry/addTimeEntry,16008,0,0
1599952490906,18468,add time entry,200,OK,user time Entries 1-150,text,true,,410,605,173,173,http://localhost:3000/api/userTimeEntry/addTimeEntry,18468,0,0
1599952492592,16781,add time entry,200,OK,user time Entries 1-178,text,true,,410,605,173,173,http://localhost:3000/api/userTimeEntry/addTimeEntry,16781,0,0
1599952493210,16164,add time entry,200,OK,user time Entries 1-173,text,true,,410,605,173,173,http://localhost:3000/api/userTimeEntry/addTimeEntry,16163,0,0
1599952491795,17580,add time entry,200,OK,user time Entries 1-167,text,true,,410,605,173,173,http://localhost:3000/api/userTimeEntry/addTimeEntry,17580,0,0
1599952495071,14751,add time entry,200,OK,user time Entries 1-184,text,true,,410,605,173,173,http://localhost:3000/api/userTimeEntry/addTimeEntry,14751,0,0
1599952494895,14973,add time entry,200,OK,user time Entries 1-176,text,true,,410,605,173,173,http://localhost:3000/api/userTimeEntry/addTimeEntry,14973,0,0
1599952491616,18296,add time entry,200,OK,user time Entries 1-159,text,true,,410,605,173,173,http://localhost:3000/api/userTimeEntry/addTimeEntry,18296,0,0
1599952491434,18479,add time entry,200,OK,user time Entries 1-151,text,true,,410,605,173,173,http://localhost:3000/api/userTimeEntry/addTimeEntry,18479,0,0
1599952494422,15539,add time entry,200,OK,user time Entries 1-189,text,true,,410,605,173,173,http://localhost:3000/api/userTimeEntry/addTimeEntry,15539,0,0
1599952491347,18671,add time entry,200,OK,user time Entries 1-170,text,true,,410,605,173,173,http://localhost:3000/api/userTimeEntry/addTimeEntry,18671,0,0
1599952492100,18041,add time entry,200,OK,user time Entries 1-160,text,true,,410,605,173,173,http://localhost:3000/api/userTimeEntry/addTimeEntry,18041,0,0
1599952493973,16325,add time entry,200,OK,user time Entries 1-175,text,true,,410,605,173,173,http://localhost:3000/api/userTimeEntry/addTimeEntry,16325,0,0
1599952492770,17627,add time entry,200,OK,user time Entries 1-186,text,true,,410,605,173,173,http://localhost:3000/api/userTimeEntry/addTimeEntry,17627,0,0
1599952493034,17406,add time entry,200,OK,user time Entries 1-165,text,true,,410,605,173,173,http://localhost:3000/api/userTimeEntry/addTimeEntry,17406,0,0
1599952492679,17780,add time entry,200,OK,user time Entries 1-182,text,true,,410,605,173,173,http://localhost:3000/api/userTimeEntry/addTimeEntry,17780,0,0
1599952493821,16684,update time entry desription,200,OK,user time Entries 1-31,text,true,,289,481,173,173,http://localhost:3000/api/userTimeEntry/updateTimeEntry,16684,0,0
1599952492375,18154,add time entry,200,OK,user time Entries 1-172,text,true,,410,605,172,172,http://localhost:3000/api/userTimeEntry/addTimeEntry,18154,0,0
1599952492288,18306,add time entry,200,OK,user time Entries 1-168,text,true,,410,605,172,172,http://localhost:3000/api/userTimeEntry/addTimeEntry,18306,0,0
1599952493804,16791,update time entry desription,200,OK,user time Entries 1-20,text,true,,289,481,172,172,http://localhost:3000/api/userTimeEntry/updateTimeEntry,16791,0,0
1599952494333,16263,add time entry,200,OK,user time Entries 1-185,text,true,,410,605,171,171,http://localhost:3000/api/userTimeEntry/addTimeEntry,16263,0,0
1599952493802,16794,update time entry desription,200,OK,user time Entries 1-39,text,true,,289,481,171,171,http://localhost:3000/api/userTimeEntry/updateTimeEntry,16794,0,0
1599952493613,16984,add time entry,200,OK,user time Entries 1-191,text,true,,410,605,170,170,http://localhost:3000/api/userTimeEntry/addTimeEntry,16984,0,0
1599952493793,16875,add time entry,200,OK,user time Entries 1-199,text,true,,410,605,170,170,http://localhost:3000/api/userTimeEntry/addTimeEntry,16875,0,0
1599952493124,17545,add time entry,200,OK,user time Entries 1-169,text,true,,410,605,170,170,http://localhost:3000/api/userTimeEntry/addTimeEntry,17545,0,0
1599952492858,17812,add time entry,200,OK,user time Entries 1-157,text,true,,410,605,170,170,http://localhost:3000/api/userTimeEntry/addTimeEntry,17812,0,0
1599952494508,16235,add time entry,200,OK,user time Entries 1-193,text,true,,410,605,170,170,http://localhost:3000/api/userTimeEntry/addTimeEntry,16235,0,0
1599952493525,17219,add time entry,200,OK,user time Entries 1-187,text,true,,410,605,170,170,http://localhost:3000/api/userTimeEntry/addTimeEntry,17219,0,0
1599952493437,17461,add time entry,200,OK,user time Entries 1-183,text,true,,410,605,170,170,http://localhost:3000/api/userTimeEntry/addTimeEntry,17461,0,0
1599952495244,15696,add time entry,200,OK,user time Entries 1-192,text,true,,410,605,170,170,http://localhost:3000/api/userTimeEntry/addTimeEntry,15696,0,0
1599952494595,16457,add time entry,200,OK,user time Entries 1-197,text,true,,410,605,170,170,http://localhost:3000/api/userTimeEntry/addTimeEntry,16457,0,0
1599952494155,16899,add time entry,200,OK,user time Entries 1-177,text,true,,410,605,170,170,http://localhost:3000/api/userTimeEntry/addTimeEntry,16899,0,0
1599952495417,15638,add time entry,200,OK,user time Entries 1-200,text,true,,410,605,170,170,http://localhost:3000/api/userTimeEntry/addTimeEntry,15638,0,0
1599952496382,14851,update time entry desription,200,OK,user time Entries 1-35,text,true,,289,481,170,170,http://localhost:3000/api/userTimeEntry/updateTimeEntry,14851,0,0
1599952495158,16120,add time entry,200,OK,user time Entries 1-188,text,true,,410,605,169,169,http://localhost:3000/api/userTimeEntry/addTimeEntry,16120,0,0
1599952495987,15292,add time entry,200,OK,user time Entries 1-194,text,true,,410,605,169,169,http://localhost:3000/api/userTimeEntry/addTimeEntry,15292,0,0
1599952496386,14919,update time entry desription,200,OK,user time Entries 1-52,text,true,,289,481,169,169,http://localhost:3000/api/userTimeEntry/updateTimeEntry,14919,0,0
1599952496078,15228,add time entry,200,OK,user time Entries 1-198,text,true,,410,605,168,168,http://localhost:3000/api/userTimeEntry/addTimeEntry,15228,0,0
1599952495450,15962,update time entry desription,200,OK,user time Entries 1-45,text,true,,289,481,168,168,http://localhost:3000/api/userTimeEntry/updateTimeEntry,15962,0,0
1599952495891,15593,add time entry,200,OK,user time Entries 1-190,text,true,,410,605,167,167,http://localhost:3000/api/userTimeEntry/addTimeEntry,15593,0,0
1599952495525,16165,update time entry desription,200,OK,user time Entries 1-66,text,true,,289,481,167,167,http://localhost:3000/api/userTimeEntry/updateTimeEntry,16165,0,0
1599952497568,14128,update time entry desription,200,OK,user time Entries 1-68,text,true,,289,481,166,166,http://localhost:3000/api/userTimeEntry/updateTimeEntry,14128,0,0
1599952496731,14978,update time entry desription,200,OK,user time Entries 1-62,text,true,,289,481,165,165,http://localhost:3000/api/userTimeEntry/updateTimeEntry,14978,0,0
1599952495449,16261,update time entry desription,200,OK,user time Entries 1-42,text,true,,289,481,164,164,http://localhost:3000/api/userTimeEntry/updateTimeEntry,16261,0,0
1599952497948,13878,update time entry desription,200,OK,user time Entries 1-61,text,true,,289,481,163,163,http://localhost:3000/api/userTimeEntry/updateTimeEntry,13878,0,0
1599952496390,15603,update time entry desription,200,OK,user time Entries 1-30,text,true,,289,481,162,162,http://localhost:3000/api/userTimeEntry/updateTimeEntry,15603,0,0
1599952497710,14487,update time entry desription,200,OK,user time Entries 1-80,text,true,,289,481,161,161,http://localhost:3000/api/userTimeEntry/updateTimeEntry,14487,0,0
1599952494243,18145,add time entry,200,OK,user time Entries 1-181,text,true,,410,605,160,160,http://localhost:3000/api/userTimeEntry/addTimeEntry,18145,0,0
1599952494759,17685,add time entry,200,OK,user time Entries 1-174,text,true,,410,605,160,160,http://localhost:3000/api/userTimeEntry/addTimeEntry,17685,0,0
1599952495525,16936,update time entry desription,200,OK,user time Entries 1-37,text,true,,289,481,160,160,http://localhost:3000/api/userTimeEntry/updateTimeEntry,16936,0,0
1599952496702,15760,update time entry desription,200,OK,user time Entries 1-67,text,true,,289,481,159,159,http://localhost:3000/api/userTimeEntry/updateTimeEntry,15760,0,0
1599952496248,16257,update time entry desription,200,OK,user time Entries 1-41,text,true,,289,481,158,158,http://localhost:3000/api/userTimeEntry/updateTimeEntry,16257,0,0
1599952496247,16346,update time entry desription,200,OK,user time Entries 1-29,text,true,,289,481,157,157,http://localhost:3000/api/userTimeEntry/updateTimeEntry,16346,0,0
1599952495525,17075,update time entry desription,200,OK,user time Entries 1-32,text,true,,289,481,156,156,http://localhost:3000/api/userTimeEntry/updateTimeEntry,17075,0,0
1599952496386,16297,update time entry desription,200,OK,user time Entries 1-53,text,true,,289,481,155,155,http://localhost:3000/api/userTimeEntry/updateTimeEntry,16297,0,0
1599952496701,16160,update time entry desription,200,OK,user time Entries 1-47,text,true,,289,481,154,154,http://localhost:3000/api/userTimeEntry/updateTimeEntry,16160,0,0
1599952496382,16507,update time entry desription,200,OK,user time Entries 1-34,text,true,,289,481,153,153,http://localhost:3000/api/userTimeEntry/updateTimeEntry,16507,0,0
1599952497572,15416,update time entry desription,200,OK,user time Entries 1-48,text,true,,289,481,152,152,http://localhost:3000/api/userTimeEntry/updateTimeEntry,15416,0,0
1599952496392,16652,update time entry desription,200,OK,user time Entries 1-57,text,true,,289,481,151,151,http://localhost:3000/api/userTimeEntry/updateTimeEntry,16652,0,0
1599952496828,16459,update time entry desription,200,OK,user time Entries 1-38,text,true,,289,481,150,150,http://localhost:3000/api/userTimeEntry/updateTimeEntry,16459,0,0
1599952497887,15702,update time entry desription,200,OK,user time Entries 1-59,text,true,,289,481,149,149,http://localhost:3000/api/userTimeEntry/updateTimeEntry,15702,0,0
1599952497945,15726,update time entry desription,200,OK,user time Entries 1-75,text,true,,289,481,148,148,http://localhost:3000/api/userTimeEntry/updateTimeEntry,15726,0,0
1599952494983,18922,add time entry,200,OK,user time Entries 1-180,text,true,,410,605,147,147,http://localhost:3000/api/userTimeEntry/addTimeEntry,18922,0,0
1599952497777,16132,update time entry desription,200,OK,user time Entries 1-40,text,true,,289,481,147,147,http://localhost:3000/api/userTimeEntry/updateTimeEntry,16132,0,0
1599952496239,17796,update time entry desription,200,OK,user time Entries 1-36,text,true,,289,481,146,146,http://localhost:3000/api/userTimeEntry/updateTimeEntry,17796,0,0
1599952497723,16338,update time entry desription,200,OK,user time Entries 1-33,text,true,,289,481,145,145,http://localhost:3000/api/userTimeEntry/updateTimeEntry,16338,0,0
1599952497840,16382,update time entry desription,200,OK,user time Entries 1-54,text,true,,289,481,144,144,http://localhost:3000/api/userTimeEntry/updateTimeEntry,16382,0,0
1599952495331,18894,add time entry,200,OK,user time Entries 1-196,text,true,,410,605,143,143,http://localhost:3000/api/userTimeEntry/addTimeEntry,18894,0,0
1599952496569,17656,update time entry desription,200,OK,user time Entries 1-27,text,true,,289,481,143,143,http://localhost:3000/api/userTimeEntry/updateTimeEntry,17656,0,0
1599952497949,16466,update time entry desription,200,OK,user time Entries 1-46,text,true,,289,481,142,142,http://localhost:3000/api/userTimeEntry/updateTimeEntry,16466,0,0
1599952498897,15775,update time entry desription,200,OK,user time Entries 1-79,text,true,,289,481,141,141,http://localhost:3000/api/userTimeEntry/updateTimeEntry,15775,0,0
1599952499160,15833,update time entry desription,200,OK,user time Entries 1-65,text,true,,289,481,140,140,http://localhost:3000/api/userTimeEntry/updateTimeEntry,15833,0,0
1599952499016,16010,update time entry desription,200,OK,user time Entries 1-55,text,true,,289,481,139,139,http://localhost:3000/api/userTimeEntry/updateTimeEntry,16010,0,0
1599952497953,17074,update time entry desription,200,OK,user time Entries 1-74,text,true,,289,481,138,138,http://localhost:3000/api/userTimeEntry/updateTimeEntry,17074,0,0
1599952499546,15482,update time entry desription,200,OK,user time Entries 1-72,text,true,,289,481,137,137,http://localhost:3000/api/userTimeEntry/updateTimeEntry,15482,0,0
1599952499274,15755,update time entry desription,200,OK,user time Entries 1-51,text,true,,289,481,136,136,http://localhost:3000/api/userTimeEntry/updateTimeEntry,15755,0,0
1599952497952,17166,update time entry desription,200,OK,user time Entries 1-56,text,true,,289,481,135,135,http://localhost:3000/api/userTimeEntry/updateTimeEntry,17166,0,0
1599952497887,17396,update time entry desription,200,OK,user time Entries 1-69,text,true,,289,481,134,134,http://localhost:3000/api/userTimeEntry/updateTimeEntry,17396,0,0
1599952497570,18015,update time entry desription,200,OK,user time Entries 1-63,text,true,,289,481,133,133,http://localhost:3000/api/userTimeEntry/updateTimeEntry,18015,0,0
1599952499281,16337,update time entry desription,200,OK,user time Entries 1-70,text,true,,289,481,132,132,http://localhost:3000/api/userTimeEntry/updateTimeEntry,16337,0,0
1599952499273,16345,update time entry desription,200,OK,user time Entries 1-49,text,true,,289,481,131,131,http://localhost:3000/api/userTimeEntry/updateTimeEntry,16345,0,0
1599952497945,17812,update time entry desription,200,OK,user time Entries 1-58,text,true,,289,481,130,130,http://localhost:3000/api/userTimeEntry/updateTimeEntry,17812,0,0
1599952497946,17811,update time entry desription,200,OK,user time Entries 1-43,text,true,,289,481,129,129,http://localhost:3000/api/userTimeEntry/updateTimeEntry,17811,0,0
1599952499017,16741,update time entry desription,200,OK,user time Entries 1-64,text,true,,289,481,128,128,http://localhost:3000/api/userTimeEntry/updateTimeEntry,16741,0,0
1599952500035,15723,update time entry desription,200,OK,user time Entries 1-86,text,true,,289,481,127,127,http://localhost:3000/api/userTimeEntry/updateTimeEntry,15723,0,0
1599952497838,18370,update time entry desription,200,OK,user time Entries 1-71,text,true,,289,481,126,126,http://localhost:3000/api/userTimeEntry/updateTimeEntry,18370,0,0
1599952498902,17701,update time entry desription,200,OK,user time Entries 1-73,text,true,,289,481,125,125,http://localhost:3000/api/userTimeEntry/updateTimeEntry,17701,0,0
1599952499543,17418,update time entry desription,200,OK,user time Entries 1-76,text,true,,289,481,124,124,http://localhost:3000/api/userTimeEntry/updateTimeEntry,17418,0,0
1599952500148,16816,update time entry desription,200,OK,user time Entries 1-81,text,true,,289,481,123,123,http://localhost:3000/api/userTimeEntry/updateTimeEntry,16816,0,0
1599952499282,17808,update time entry desription,200,OK,user time Entries 1-50,text,true,,289,481,122,122,http://localhost:3000/api/userTimeEntry/updateTimeEntry,17808,0,0
1599952500647,16709,update time entry desription,200,OK,user time Entries 1-83,text,true,,289,481,121,121,http://localhost:3000/api/userTimeEntry/updateTimeEntry,16709,0,0
1599952499987,17434,update time entry desription,200,OK,user time Entries 1-85,text,true,,289,481,120,120,http://localhost:3000/api/userTimeEntry/updateTimeEntry,17434,0,0
1599952499884,17720,update time entry desription,200,OK,user time Entries 1-84,text,true,,289,481,119,119,http://localhost:3000/api/userTimeEntry/updateTimeEntry,17720,0,0
1599952500384,17519,update time entry desription,200,OK,user time Entries 1-92,text,true,,289,481,118,118,http://localhost:3000/api/userTimeEntry/updateTimeEntry,17519,0,0
1599952499884,18254,update time entry desription,200,OK,user time Entries 1-78,text,true,,289,481,117,117,http://localhost:3000/api/userTimeEntry/updateTimeEntry,18254,0,0
1599952501623,17045,update time entry desription,200,OK,user time Entries 1-91,text,true,,289,481,116,116,http://localhost:3000/api/userTimeEntry/updateTimeEntry,17045,0,0
1599952501049,17692,update time entry desription,200,OK,user time Entries 1-102,text,true,,289,481,115,115,http://localhost:3000/api/userTimeEntry/updateTimeEntry,17692,0,0
1599952501975,17081,update time entry desription,200,OK,user time Entries 1-60,text,true,,289,481,114,114,http://localhost:3000/api/userTimeEntry/updateTimeEntry,17081,0,0
1599952502009,17195,update time entry desription,200,OK,user time Entries 1-122,text,true,,289,481,113,113,http://localhost:3000/api/userTimeEntry/updateTimeEntry,17195,0,0
1599952504166,15040,update time entry desription,200,OK,user time Entries 1-100,text,true,,289,481,112,112,http://localhost:3000/api/userTimeEntry/updateTimeEntry,15040,0,0
1599952504067,15903,update time entry desription,200,OK,user time Entries 1-87,text,true,,289,481,111,111,http://localhost:3000/api/userTimeEntry/updateTimeEntry,15903,0,0
1599952505906,14103,update time entry desription,200,OK,user time Entries 1-136,text,true,,289,481,110,110,http://localhost:3000/api/userTimeEntry/updateTimeEntry,14103,0,0
1599952505687,14355,update time entry desription,200,OK,user time Entries 1-88,text,true,,289,481,109,109,http://localhost:3000/api/userTimeEntry/updateTimeEntry,14355,0,0
1599952504393,15736,update time entry desription,200,OK,user time Entries 1-124,text,true,,289,481,108,108,http://localhost:3000/api/userTimeEntry/updateTimeEntry,15736,0,0
1599952505038,15101,update time entry desription,200,OK,user time Entries 1-131,text,true,,289,481,107,107,http://localhost:3000/api/userTimeEntry/updateTimeEntry,15101,0,0
1599952504884,15275,update time entry desription,200,OK,user time Entries 1-77,text,true,,289,481,106,106,http://localhost:3000/api/userTimeEntry/updateTimeEntry,15275,0,0
1599952506081,14102,update time entry desription,200,OK,user time Entries 1-132,text,true,,289,481,105,105,http://localhost:3000/api/userTimeEntry/updateTimeEntry,14102,0,0
1599952503070,17139,update time entry desription,200,OK,user time Entries 1-115,text,true,,289,481,104,104,http://localhost:3000/api/userTimeEntry/updateTimeEntry,17139,0,0
1599952504160,16051,update time entry desription,200,OK,user time Entries 1-101,text,true,,289,481,103,103,http://localhost:3000/api/userTimeEntry/updateTimeEntry,16051,0,0
1599952510597,10499,update time entry desription,200,OK,user time Entries 1-185,text,true,,289,481,102,102,http://localhost:3000/api/userTimeEntry/updateTimeEntry,10499,0,0
1599952510745,10351,update time entry desription,200,OK,user time Entries 1-187,text,true,,289,481,102,102,http://localhost:3000/api/userTimeEntry/updateTimeEntry,10351,0,0
1599952509347,11750,update time entry desription,200,OK,user time Entries 1-155,text,true,,289,481,101,101,http://localhost:3000/api/userTimeEntry/updateTimeEntry,11750,0,0
1599952509375,11722,update time entry desription,200,OK,user time Entries 1-167,text,true,,289,481,99,99,http://localhost:3000/api/userTimeEntry/updateTimeEntry,11722,0,0
1599952510142,10956,update time entry desription,200,OK,user time Entries 1-160,text,true,,289,481,99,99,http://localhost:3000/api/userTimeEntry/updateTimeEntry,10956,0,0
1599952510671,10427,update time entry desription,200,OK,user time Entries 1-157,text,true,,289,481,98,98,http://localhost:3000/api/userTimeEntry/updateTimeEntry,10427,0,0
1599952511055,10043,update time entry desription,200,OK,user time Entries 1-177,text,true,,289,481,98,98,http://localhost:3000/api/userTimeEntry/updateTimeEntry,10043,0,0
1599952509962,11137,update time entry desription,200,OK,user time Entries 1-189,text,true,,289,481,95,95,http://localhost:3000/api/userTimeEntry/updateTimeEntry,11137,0,0
1599952511279,9820,update time entry desription,200,OK,user time Entries 1-188,text,true,,289,481,95,95,http://localhost:3000/api/userTimeEntry/updateTimeEntry,9820,0,0
1599952509824,11276,update time entry desription,200,OK,user time Entries 1-184,text,true,,289,481,93,93,http://localhost:3000/api/userTimeEntry/updateTimeEntry,11276,0,0
1599952510598,10502,update time entry desription,200,OK,user time Entries 1-191,text,true,,289,481,93,93,http://localhost:3000/api/userTimeEntry/updateTimeEntry,10502,0,0
1599952510300,10800,update time entry desription,200,OK,user time Entries 1-175,text,true,,289,481,93,93,http://localhost:3000/api/userTimeEntry/updateTimeEntry,10800,0,0
1599952509912,11188,update time entry desription,200,OK,user time Entries 1-159,text,true,,289,481,90,90,http://localhost:3000/api/userTimeEntry/updateTimeEntry,11188,0,0
1599952510398,10702,update time entry desription,200,OK,user time Entries 1-186,text,true,,289,481,89,89,http://localhost:3000/api/userTimeEntry/updateTimeEntry,10702,0,0
1599952509356,11745,update time entry desription,200,OK,user time Entries 1-162,text,true,,289,481,89,89,http://localhost:3000/api/userTimeEntry/updateTimeEntry,11745,0,0
1599952510942,10159,update time entry desription,200,OK,user time Entries 1-192,text,true,,289,481,88,88,http://localhost:3000/api/userTimeEntry/updateTimeEntry,10159,0,0
1599952510441,10660,update time entry desription,200,OK,user time Entries 1-165,text,true,,289,481,88,88,http://localhost:3000/api/userTimeEntry/updateTimeEntry,10660,0,0
1599952508531,12570,update time entry desription,200,OK,user time Entries 1-166,text,true,,289,481,87,87,http://localhost:3000/api/userTimeEntry/updateTimeEntry,12570,0,0
1599952510594,10507,update time entry desription,200,OK,user time Entries 1-168,text,true,,289,481,87,87,http://localhost:3000/api/userTimeEntry/updateTimeEntry,10507,0,0
1599952510744,10358,update time entry desription,200,OK,user time Entries 1-193,text,true,,289,481,84,84,http://localhost:3000/api/userTimeEntry/updateTimeEntry,10358,0,0
1599952509035,12067,update time entry desription,200,OK,user time Entries 1-156,text,true,,289,481,84,84,http://localhost:3000/api/userTimeEntry/updateTimeEntry,12067,0,0
1599952509375,11727,update time entry desription,200,OK,user time Entries 1-173,text,true,,289,481,83,83,http://localhost:3000/api/userTimeEntry/updateTimeEntry,11727,0,0
1599952509914,11189,update time entry desription,200,OK,user time Entries 1-151,text,true,,289,481,83,83,http://localhost:3000/api/userTimeEntry/updateTimeEntry,11188,0,0
1599952509038,12065,update time entry desription,200,OK,user time Entries 1-158,text,true,,289,481,79,79,http://localhost:3000/api/userTimeEntry/updateTimeEntry,12065,0,0
1599952510900,10203,update time entry desription,200,OK,user time Entries 1-183,text,true,,289,481,79,79,http://localhost:3000/api/userTimeEntry/updateTimeEntry,10203,0,0
1599952509348,11756,update time entry desription,200,OK,user time Entries 1-195,text,true,,289,481,77,77,http://localhost:3000/api/userTimeEntry/updateTimeEntry,11756,0,0
1599952509374,11730,update time entry desription,200,OK,user time Entries 1-150,text,true,,289,481,76,76,http://localhost:3000/api/userTimeEntry/updateTimeEntry,11730,0,0
1599952510529,10575,update time entry desription,200,OK,user time Entries 1-172,text,true,,289,481,75,75,http://localhost:3000/api/userTimeEntry/updateTimeEntry,10575,0,0
1599952508443,12662,update time entry desription,200,OK,user time Entries 1-118,text,true,,289,481,74,74,http://localhost:3000/api/userTimeEntry/updateTimeEntry,12662,0,0
1599952510460,10645,update time entry desription,200,OK,user time Entries 1-182,text,true,,289,481,73,73,http://localhost:3000/api/userTimeEntry/updateTimeEntry,10645,0,0
1599952510018,11087,update time entry desription,200,OK,user time Entries 1-170,text,true,,289,481,73,73,http://localhost:3000/api/userTimeEntry/updateTimeEntry,11087,0,0
1599952509870,11235,update time entry desription,200,OK,user time Entries 1-176,text,true,,289,481,71,71,http://localhost:3000/api/userTimeEntry/updateTimeEntry,11235,0,0
1599952509183,11923,update time entry desription,200,OK,user time Entries 1-145,text,true,,289,481,71,71,http://localhost:3000/api/userTimeEntry/updateTimeEntry,11923,0,0
1599952507420,13686,update time entry desription,200,OK,user time Entries 1-97,text,true,,289,481,69,69,http://localhost:3000/api/userTimeEntry/updateTimeEntry,13686,0,0
1599952510671,10435,update time entry desription,200,OK,user time Entries 1-169,text,true,,289,481,68,68,http://localhost:3000/api/userTimeEntry/updateTimeEntry,10435,0,0
1599952508546,12560,update time entry desription,200,OK,user time Entries 1-153,text,true,,289,481,68,68,http://localhost:3000/api/userTimeEntry/updateTimeEntry,12560,0,0
1599952507774,13332,update time entry desription,200,OK,user time Entries 1-171,text,true,,289,481,68,68,http://localhost:3000/api/userTimeEntry/updateTimeEntry,13332,0,0
1599952507320,13786,update time entry desription,200,OK,user time Entries 1-127,text,true,,289,481,66,66,http://localhost:3000/api/userTimeEntry/updateTimeEntry,13786,0,0
1599952509356,11751,update time entry desription,200,OK,user time Entries 1-179,text,true,,289,481,66,66,http://localhost:3000/api/userTimeEntry/updateTimeEntry,11751,0,0
1599952508770,12337,update time entry desription,200,OK,user time Entries 1-143,text,true,,289,481,65,65,http://localhost:3000/api/userTimeEntry/updateTimeEntry,12337,0,0
1599952507420,13687,update time entry desription,200,OK,user time Entries 1-117,text,true,,289,481,64,64,http://localhost:3000/api/userTimeEntry/updateTimeEntry,13687,0,0
1599952508238,12869,update time entry desription,200,OK,user time Entries 1-163,text,true,,289,481,64,64,http://localhost:3000/api/userTimeEntry/updateTimeEntry,12869,0,0
1599952507734,13373,update time entry desription,200,OK,user time Entries 1-125,text,true,,289,481,62,62,http://localhost:3000/api/userTimeEntry/updateTimeEntry,13373,0,0
1599952509355,11753,update time entry desription,200,OK,user time Entries 1-147,text,true,,289,481,60,60,http://localhost:3000/api/userTimeEntry/updateTimeEntry,11753,0,0
1599952507418,13690,update time entry desription,200,OK,user time Entries 1-99,text,true,,289,481,58,58,http://localhost:3000/api/userTimeEntry/updateTimeEntry,13690,0,0
1599952507472,13636,update time entry desription,200,OK,user time Entries 1-116,text,true,,289,481,58,58,http://localhost:3000/api/userTimeEntry/updateTimeEntry,13636,0,0
1599952507466,13642,update time entry desription,200,OK,user time Entries 1-121,text,true,,289,481,58,58,http://localhost:3000/api/userTimeEntry/updateTimeEntry,13642,0,0
1599952508769,12339,update time entry desription,200,OK,user time Entries 1-154,text,true,,289,481,58,58,http://localhost:3000/api/userTimeEntry/updateTimeEntry,12339,0,0
1599952507210,13898,update time entry desription,200,OK,user time Entries 1-90,text,true,,289,481,55,55,http://localhost:3000/api/userTimeEntry/updateTimeEntry,13898,0,0
1599952507923,13186,update time entry desription,200,OK,user time Entries 1-144,text,true,,289,481,55,55,http://localhost:3000/api/userTimeEntry/updateTimeEntry,13186,0,0
1599952509212,11897,update time entry desription,200,OK,user time Entries 1-161,text,true,,289,481,52,52,http://localhost:3000/api/userTimeEntry/updateTimeEntry,11897,0,0
1599952507900,13209,update time entry desription,200,OK,user time Entries 1-123,text,true,,289,481,52,52,http://localhost:3000/api/userTimeEntry/updateTimeEntry,13209,0,0
1599952507579,13530,update time entry desription,200,OK,user time Entries 1-103,text,true,,289,481,52,52,http://localhost:3000/api/userTimeEntry/updateTimeEntry,13530,0,0
1599952506025,15084,update time entry desription,200,OK,user time Entries 1-149,text,true,,289,481,52,52,http://localhost:3000/api/userTimeEntry/updateTimeEntry,15084,0,0
1599952506404,14705,update time entry desription,200,OK,user time Entries 1-146,text,true,,289,481,51,51,http://localhost:3000/api/userTimeEntry/updateTimeEntry,14705,0,0
1599952506464,14645,update time entry desription,200,OK,user time Entries 1-114,text,true,,289,481,49,49,http://localhost:3000/api/userTimeEntry/updateTimeEntry,14645,0,0
1599952507419,13690,update time entry desription,200,OK,user time Entries 1-108,text,true,,289,481,48,48,http://localhost:3000/api/userTimeEntry/updateTimeEntry,13690,0,0
1599952506154,14956,update time entry desription,200,OK,user time Entries 1-104,text,true,,289,481,47,47,http://localhost:3000/api/userTimeEntry/updateTimeEntry,14956,0,0
1599952506080,15030,update time entry desription,200,OK,user time Entries 1-113,text,true,,289,481,44,44,http://localhost:3000/api/userTimeEntry/updateTimeEntry,15030,0,0
1599952503947,17163,update time entry desription,200,OK,user time Entries 1-94,text,true,,289,481,44,44,http://localhost:3000/api/userTimeEntry/updateTimeEntry,17163,0,0
1599952509035,12075,update time entry desription,200,OK,user time Entries 1-164,text,true,,289,481,43,43,http://localhost:3000/api/userTimeEntry/updateTimeEntry,12075,0,0
1599952506465,14645,update time entry desription,200,OK,user time Entries 1-96,text,true,,289,481,43,43,http://localhost:3000/api/userTimeEntry/updateTimeEntry,14645,0,0
1599952507774,13336,update time entry desription,200,OK,user time Entries 1-98,text,true,,289,481,42,42,http://localhost:3000/api/userTimeEntry/updateTimeEntry,13336,0,0
1599952506725,14386,update time entry desription,200,OK,user time Entries 1-109,text,true,,289,481,39,39,http://localhost:3000/api/userTimeEntry/updateTimeEntry,14386,0,0
1599952507466,13645,update time entry desription,200,OK,user time Entries 1-128,text,true,,289,481,39,39,http://localhost:3000/api/userTimeEntry/updateTimeEntry,13645,0,0
1599952509374,11737,update time entry desription,200,OK,user time Entries 1-178,text,true,,289,481,37,37,http://localhost:3000/api/userTimeEntry/updateTimeEntry,11737,0,0
1599952507470,13642,update time entry desription,200,OK,user time Entries 1-134,text,true,,289,481,37,37,http://localhost:3000/api/userTimeEntry/updateTimeEntry,13641,0,0
1599952507418,13694,update time entry desription,200,OK,user time Entries 1-130,text,true,,289,481,36,36,http://localhost:3000/api/userTimeEntry/updateTimeEntry,13694,0,0
1599952506758,14354,update time entry desription,200,OK,user time Entries 1-119,text,true,,289,481,34,34,http://localhost:3000/api/userTimeEntry/updateTimeEntry,14354,0,0
1599952506080,15032,update time entry desription,200,OK,user time Entries 1-138,text,true,,289,481,34,34,http://localhost:3000/api/userTimeEntry/updateTimeEntry,15032,0,0
1599952506079,15033,update time entry desription,200,OK,user time Entries 1-89,text,true,,289,481,34,34,http://localhost:3000/api/userTimeEntry/updateTimeEntry,15033,0,0
1599952506468,14645,update time entry desription,200,OK,user time Entries 1-137,text,true,,289,481,32,32,http://localhost:3000/api/userTimeEntry/updateTimeEntry,14645,0,0
1599952505280,15833,update time entry desription,200,OK,user time Entries 1-112,text,true,,289,481,31,31,http://localhost:3000/api/userTimeEntry/updateTimeEntry,15833,0,0
1599952506081,15033,update time entry desription,200,OK,user time Entries 1-126,text,true,,289,481,29,29,http://localhost:3000/api/userTimeEntry/updateTimeEntry,15033,0,0
1599952506210,14904,update time entry desription,200,OK,user time Entries 1-111,text,true,,289,481,29,29,http://localhost:3000/api/userTimeEntry/updateTimeEntry,14904,0,0
1599952506400,14714,update time entry desription,200,OK,user time Entries 1-142,text,true,,289,481,27,27,http://localhost:3000/api/userTimeEntry/updateTimeEntry,14714,0,0
1599952504885,16229,update time entry desription,200,OK,user time Entries 1-139,text,true,,289,481,27,27,http://localhost:3000/api/userTimeEntry/updateTimeEntry,16229,0,0
1599952506858,14256,update time entry desription,200,OK,user time Entries 1-133,text,true,,289,481,26,26,http://localhost:3000/api/userTimeEntry/updateTimeEntry,14256,0,0
1599952507465,13649,update time entry desription,200,OK,user time Entries 1-148,text,true,,289,481,26,26,http://localhost:3000/api/userTimeEntry/updateTimeEntry,13649,0,0
1599952506463,14652,update time entry desription,200,OK,user time Entries 1-129,text,true,,289,481,24,24,http://localhost:3000/api/userTimeEntry/updateTimeEntry,14652,0,0
1599952505448,15667,update time entry desription,200,OK,user time Entries 1-82,text,true,,289,481,24,24,http://localhost:3000/api/userTimeEntry/updateTimeEntry,15667,0,0
1599952504902,16213,update time entry desription,200,OK,user time Entries 1-110,text,true,,289,481,22,22,http://localhost:3000/api/userTimeEntry/updateTimeEntry,16213,0,0
1599952505278,15837,update time entry desription,200,OK,user time Entries 1-93,text,true,,289,481,20,20,http://localhost:3000/api/userTimeEntry/updateTimeEntry,15837,0,0
1599952504636,16480,update time entry desription,200,OK,user time Entries 1-120,text,true,,289,481,20,20,http://localhost:3000/api/userTimeEntry/updateTimeEntry,16480,0,0
1599952505283,15833,update time entry desription,200,OK,user time Entries 1-107,text,true,,289,481,18,18,http://localhost:3000/api/userTimeEntry/updateTimeEntry,15833,0,0
1599952507470,13646,update time entry desription,200,OK,user time Entries 1-141,text,true,,289,481,18,18,http://localhost:3000/api/userTimeEntry/updateTimeEntry,13646,0,0
1599952506211,14905,update time entry desription,200,OK,user time Entries 1-106,text,true,,289,481,18,18,http://localhost:3000/api/userTimeEntry/updateTimeEntry,14905,0,0
1599952507211,13905,update time entry desription,200,OK,user time Entries 1-152,text,true,,289,481,18,18,http://localhost:3000/api/userTimeEntry/updateTimeEntry,13905,0,0
1599952505326,15790,update time entry desription,200,OK,user time Entries 1-135,text,true,,289,481,18,18,http://localhost:3000/api/userTimeEntry/updateTimeEntry,15790,0,0
1599952505688,15428,update time entry desription,200,OK,user time Entries 1-105,text,true,,289,481,17,17,http://localhost:3000/api/userTimeEntry/updateTimeEntry,15428,0,0
1599952506136,14980,update time entry desription,200,OK,user time Entries 1-140,text,true,,289,481,14,14,http://localhost:3000/api/userTimeEntry/updateTimeEntry,14980,0,0
1599952502897,18219,update time entry desription,200,OK,user time Entries 1-95,text,true,,289,481,13,13,http://localhost:3000/api/userTimeEntry/updateTimeEntry,18219,0,0
1599952511307,9829,update time entry desription,200,OK,user time Entries 1-198,text,true,,289,481,10,10,http://localhost:3000/api/userTimeEntry/updateTimeEntry,9829,0,0
1599952511054,10085,update time entry desription,200,OK,user time Entries 1-197,text,true,,289,481,9,9,http://localhost:3000/api/userTimeEntry/updateTimeEntry,10085,0,0
1599952510669,10470,update time entry desription,200,OK,user time Entries 1-199,text,true,,289,481,8,8,http://localhost:3000/api/userTimeEntry/updateTimeEntry,10470,0,0
1599952511057,10083,update time entry desription,200,OK,user time Entries 1-200,text,true,,289,481,7,7,http://localhost:3000/api/userTimeEntry/updateTimeEntry,10083,0,0
1599952512446,8900,update time entry desription,200,OK,user time Entries 1-174,text,true,,289,481,6,6,http://localhost:3000/api/userTimeEntry/updateTimeEntry,8900,0,0
1599952513905,7440,update time entry desription,200,OK,user time Entries 1-180,text,true,,289,481,6,6,http://localhost:3000/api/userTimeEntry/updateTimeEntry,7440,0,0
1599952514225,7120,update time entry desription,200,OK,user time Entries 1-196,text,true,,289,481,6,6,http://localhost:3000/api/userTimeEntry/updateTimeEntry,7120,0,0
1599952512389,8957,update time entry desription,200,OK,user time Entries 1-181,text,true,,289,481,6,6,http://localhost:3000/api/userTimeEntry/updateTimeEntry,8957,0,0
1599952511485,9861,update time entry desription,200,OK,user time Entries 1-190,text,true,,289,481,2,2,http://localhost:3000/api/userTimeEntry/updateTimeEntry,9861,0,0
1599952511280,10066,update time entry desription,200,OK,user time Entries 1-194,text,true,,289,481,2,2,http://localhost:3000/api/userTimeEntry/updateTimeEntry,10066,0,0
